{
  "items": {
    "accessories": [
      {
        "genericKey": "displayName",
        "details": {
          "source": [
            {
              "system": "DMD",
              "key": "imAccessoryMktgName"
            }
          ],
          "Authorization": [
            {
              "system": "EPC",
              "key": "sorDisplayName"
            }
          ],
          "Persistence": [
            {
              "system": "Cassandra",
              "key": "sorDisplayName"
            },
            {
              "system": "Federated",
              "key": "ps_display_name"
            }
          ],
          "Cache": [
            {
              "system": "Redis",
              "key": "skuDisplayName"
            },
            {
              "system": "ElasticSearch",
              "key": "display_name"
            }
          ],
          "Consumer": [
            {
              "system": "Fusion",
              "key": "product_display_name_s"
            },
            {
              "system": "CXPCatalogDomain",
              "key": "skuDisplayName"
            }
          ]
        }
      },
      {
        "genericKey": "description",
        "details": {
          "source": [
            {
              "system": "DMD",
              "key": "imAccessoryDesc"
            }
          ],
          "Authorization": [
            {
              "system": "EPC",
              "key": "description"
            }
          ],
          "Persistence": [
            {
              "system": "Cassandra",
              "key": "description"
            },
            {
              "system": "Federated",
              "key": "ps_description"
            }
          ],
          "Cache": [
            {
              "system": "Redis",
              "key": "skuDescription"
            },
            {
              "system": "ElasticSearch",
              "key": "description"
            }
          ],
          "Consumer": [
            {
              "system": "Fusion",
              "key": "product_description_ss"
            },
            {
              "system": "CXPCatalogDomain",
              "key": "skuDescription"
            }
          ]
        }
      },
      {
        "genericKey": "manufacturer",
        "details": {
          "source": [
            {
              "system": "DMD",
              "key": "imManufacturer"
            }
          ],
          "Authorization": [
            {
              "system": "EPC",
              "key": "manufacturer"
            }
          ],
          "Persistence": [
            {
              "system": "Cassandra",
              "key": "manufacturer.displayName"
            },
            {
              "system": "Federated",
              "key": "manufacturer_name"
            }
          ],
          "Cache": [
            {
              "system": "Redis",
              "key": "manufacturerName"
            },
            {
              "system": "ElasticSearch",
              "key": "name"
            }
          ],
          "Consumer": [
            {
              "system": "Fusion",
              "key": "brand"
            },
            {
              "system": "CXPCatalogDomain",
              "key": "manufacturerName"
            }
          ]
        }
      },
      {
        "genericKey": "sorAccessoryType",
        "details": {
          "source": [
            {
              "system": "DMD",
              "key": "accessoryType"
            }
          ],
          "Authorization": [
            {
              "system": "EPC",
              "key": "sorAccessoryType"
            }
          ],
          "Persistence": [
            {
              "system": "Cassandra",
              "key": "sorAccessoryType"
            },
            {
              "system": "Federated",
              "key": "sor_accessory_type"
            }
          ],
          "Cache": [
            {
              "system": "Redis",
              "key": "sorAccessoryType"
            },
            {
              "system": "ElasticSearch",
              "key": "sor_accessory_type"
            }
          ],
          "Consumer": [
            {
              "system": "Fusion",
              "key": "product_sor_accessory_type_s"
            },
            {
              "system": "CXPCatalogDomain",
              "key": "sorAccessoryType"
            }
          ]
        }
      },
      {
        "genericKey": "sorAccessoryTypeId",
        "details": {
          "source": [
            {
              "system": "DMD",
              "key": "accessoryTypeId"
            }
          ],
          "Authorization": [
            {
              "system": "EPC",
              "key": "sorAccessoryTypeId"
            }
          ],
          "Persistence": [
            {
              "system": "Cassandra",
              "key": "sorAccessoryTypeId"
            },
            {
              "system": "Federated",
              "key": "sor_accessory_type_id"
            }
          ],
          "Cache": [
            {
              "system": "Redis",
              "key": "sorAccessoryTypeId"
            },
            {
              "system": "ElasticSearch",
              "key": ""
            }
          ],
          "Consumer": [
            {
              "system": "Fusion",
              "key": ""
            },
            {
              "system": "CXPCatalogDomain",
              "key": "sorAccessoryTypeId"
            }
          ]
        }
      },
      {
        "genericKey": "upcCode",
        "details": {
          "source": [
            {
              "system": "DMD",
              "key": "upcCode"
            }
          ],
          "Authorization": [
            {
              "system": "EPC",
              "key": "upcCode"
            }
          ],
          "Persistence": [
            {
              "system": "Cassandra",
              "key": "upcCode"
            },
            {
              "system": "Federated",
              "key": "upc_code"
            }
          ],
          "Cache": [
            {
              "system": "Redis",
              "key": "upcCode"
            },
            {
              "system": "ElasticSearch",
              "key": "upc_code"
            }
          ],
          "Consumer": [
            {
              "system": "Fusion",
              "key": ""
            },
            {
              "system": "CXPCatalogDomain",
              "key": "upcCode"
            }
          ]
        }
      },
      {
        "genericKey": "upcCodeFull",
        "details": {
          "source": [
            {
              "system": "DMD",
              "key": "upcCodeFull"
            }
          ],
          "Authorization": [
            {
              "system": "EPC",
              "key": "upcCodeFull"
            }
          ],
          "Persistence": [
            {
              "system": "Cassandra",
              "key": "upcCodeFull"
            },
            {
              "system": "Federated",
              "key": "upc_code_full"
            }
          ],
          "Cache": [
            {
              "system": "Redis",
              "key": "upcCodeFull"
            },
            {
              "system": "ElasticSearch",
              "key": ""
            }
          ],
          "Consumer": [
            {
              "system": "Fusion",
              "key": ""
            },
            {
              "system": "CXPCatalogDomain",
              "key": "upcCodeFull"
            }
          ]
        }
      },
      {
        "genericKey": "sorDescription",
        "details": {
          "source": [
            {
              "system": "DMD",
              "key": "imAccessoryDesc"
            }
          ],
          "Authorization": [
            {
              "system": "EPC",
              "key": "sorDescription"
            }
          ],
          "Persistence": [
            {
              "system": "Cassandra",
              "key": "sorDescription"
            },
            {
              "system": "Federated",
              "key": "sor_description"
            }
          ],
          "Cache": [
            {
              "system": "Redis",
              "key": "skuDescription"
            },
            {
              "system": "ElasticSearch",
              "key": "description"
            }
          ],
          "Consumer": [
            {
              "system": "Fusion",
              "key": ""
            },
            {
              "system": "CXPCatalogDomain",
              "key": "skuDescription"
            }
          ]
        }
      },
      {
        "genericKey": "sorDisplayName",
        "details": {
          "source": [
            {
              "system": "DMD",
              "key": "imAccessoryMktgName"
            }
          ],
          "Authorization": [
            {
              "system": "EPC",
              "key": "sorDisplayName"
            }
          ],
          "Persistence": [
            {
              "system": "Cassandra",
              "key": "sorDisplayName"
            },
            {
              "system": "Federated",
              "key": "ps_sor_display_name"
            }
          ],
          "Cache": [
            {
              "system": "Redis",
              "key": "skuDisplayName"
            },
            {
              "system": "ElasticSearch",
              "key": "display_name"
            }
          ],
          "Consumer": [
            {
              "system": "Fusion",
              "key": ""
            },
            {
              "system": "CXPCatalogDomain",
              "key": "skuDisplayName"
            }
          ]
        }
      },
      {
        "genericKey": "billToAccountEligibleFlag",
        "details": {
          "source": [
            {
              "system": "DMD",
              "key": "btaEligiblity"
            }
          ],
          "Authorization": [
            {
              "system": "EPC",
              "key": "billToAccountEligibleFlag"
            }
          ],
          "Persistence": [
            {
              "system": "Cassandra",
              "key": "billToAccountEligibleFlag"
            },
            {
              "system": "Federated",
              "key": "bill_to_account_eligible_flag"
            }
          ],
          "Cache": [
            {
              "system": "Redis",
              "key": "isBillToAccount"
            },
            {
              "system": "ElasticSearch",
              "key": "bill_to_acc_eligible_flag"
            }
          ],
          "Consumer": [
            {
              "system": "Fusion",
              "key": ""
            },
            {
              "system": "CXPCatalogDomain",
              "key": "isBillToAccount"
            }
          ]
        }
      },
      {
        "genericKey": "edgeDpc",
        "details": {
          "source": [
            {
              "system": "DMD",
              "key": "edgeDpc"
            }
          ],
          "Authorization": [
            {
              "system": "EPC",
              "key": "edgeDpc"
            }
          ],
          "Persistence": [
            {
              "system": "Cassandra",
              "key": "edgeDpc"
            },
            {
              "system": "Federated",
              "key": "edge_dpc"
            }
          ],
          "Cache": [
            {
              "system": "Redis",
              "key": "edgedpc"
            },
            {
              "system": "ElasticSearch",
              "key": ""
            }
          ],
          "Consumer": [
            {
              "system": "Fusion",
              "key": ""
            },
            {
              "system": "CXPCatalogDomain",
              "key": "edgeDpc"
            }
          ]
        }
      },
      {
        "genericKey": "edgeDpcGroup",
        "details": {
          "source": [
            {
              "system": "DMD",
              "key": "edgeDpcGroup"
            }
          ],
          "Authorization": [
            {
              "system": "EPC",
              "key": "edgeDpcGroup"
            }
          ],
          "Persistence": [
            {
              "system": "Cassandra",
              "key": "edgeDpcGroup"
            },
            {
              "system": "Federated",
              "key": "edge_dpc_group"
            }
          ],
          "Cache": [
            {
              "system": "Redis",
              "key": "edgedpcgroup"
            },
            {
              "system": "ElasticSearch",
              "key": ""
            }
          ],
          "Consumer": [
            {
              "system": "Fusion",
              "key": ""
            },
            {
              "system": "CXPCatalogDomain",
              "key": "edgeDpcGroup"
            }
          ]
        }
      },
      {
        "genericKey": "imImageUrl",
        "details": {
          "source": [
            {
              "system": "DMD",
              "key": "imImageUrl"
            }
          ],
          "Authorization": [
            {
              "system": "EPC",
              "key": "imImageUrl"
            }
          ],
          "Persistence": [
            {
              "system": "Cassandra",
              "key": "imImageUrl"
            },
            {
              "system": "Federated",
              "key": "im_image_url"
            }
          ],
          "Cache": [
            {
              "system": "Redis",
              "key": "imageUrlMap"
            },
            {
              "system": "ElasticSearch",
              "key": "im_image_url"
            }
          ],
          "Consumer": [
            {
              "system": "Fusion",
              "key": ""
            },
            {
              "system": "CXPCatalogDomain",
              "key": "imageUrlMap"
            }
          ]
        }
      },
      {
        "genericKey": "instorepickupflag",
        "details": {
          "source": [
            {
              "system": "DMD",
              "key": "ispuEligible"
            }
          ],
          "Authorization": [
            {
              "system": "EPC",
              "key": "instorepickupflag"
            }
          ],
          "Persistence": [
            {
              "system": "Cassandra",
              "key": "instorepickupflag"
            },
            {
              "system": "Federated",
              "key": "in_store_pickup_flag"
            }
          ],
          "Cache": [
            {
              "system": "Redis",
              "key": "inStorePickupFlag"
            },
            {
              "system": "ElasticSearch",
              "key": "instore_pickup_flag"
            }
          ],
          "Consumer": [
            {
              "system": "Fusion",
              "key": "sku_in_store_pickup_flag_b"
            },
            {
              "system": "CXPCatalogDomain",
              "key": "isInStorePickup"
            }
          ]
        }
      },
      {
        "genericKey": "prodCode1",
        "details": {
          "source": [
            {
              "system": "DMD",
              "key": "prodCode1"
            }
          ],
          "Authorization": [
            {
              "system": "EPC",
              "key": "prodCode1"
            }
          ],
          "Persistence": [
            {
              "system": "Cassandra",
              "key": "prodCode1"
            },
            {
              "system": "Federated",
              "key": "prod_code_1"
            }
          ],
          "Cache": [
            {
              "system": "Redis",
              "key": "prodCode1"
            },
            {
              "system": "ElasticSearch",
              "key": "prod_code_1"
            }
          ],
          "Consumer": [
            {
              "system": "Fusion",
              "key": "sku_prod_code_1_s"
            },
            {
              "system": "CXPCatalogDomain",
              "key": "prodCode1"
            }
          ]
        }
      },
      {
        "genericKey": "prodCode2",
        "details": {
          "source": [
            {
              "system": "DMD",
              "key": "prodCode2"
            }
          ],
          "Authorization": [
            {
              "system": "EPC",
              "key": "prodCode2"
            }
          ],
          "Persistence": [
            {
              "system": "Cassandra",
              "key": "prodCode2"
            },
            {
              "system": "Federated",
              "key": "prod_code_2"
            }
          ],
          "Cache": [
            {
              "system": "Redis",
              "key": "prodCode2"
            },
            {
              "system": "ElasticSearch",
              "key": "prod_code_2"
            }
          ],
          "Consumer": [
            {
              "system": "Fusion",
              "key": "sku_prod_code_2_s"
            },
            {
              "system": "CXPCatalogDomain",
              "key": "prodCode2"
            }
          ]
        }
      },
      {
        "genericKey": "prodCode3",
        "details": {
          "source": [
            {
              "system": "DMD",
              "key": "prodCode3"
            }
          ],
          "Authorization": [
            {
              "system": "EPC",
              "key": "prodCode3"
            }
          ],
          "Persistence": [
            {
              "system": "Cassandra",
              "key": "prodCode3"
            },
            {
              "system": "Federated",
              "key": "prod_code_3"
            }
          ],
          "Cache": [
            {
              "system": "Redis",
              "key": "prodCode3"
            },
            {
              "system": "ElasticSearch",
              "key": "prod_code_3"
            }
          ],
          "Consumer": [
            {
              "system": "Fusion",
              "key": "sku_prod_code_3_s"
            },
            {
              "system": "CXPCatalogDomain",
              "key": "prodCode3"
            }
          ]
        }
      },
      {
        "genericKey": "prodCode4",
        "details": {
          "source": [
            {
              "system": "DMD",
              "key": "prodCode4"
            }
          ],
          "Authorization": [
            {
              "system": "EPC",
              "key": "prodCode4"
            }
          ],
          "Persistence": [
            {
              "system": "Cassandra",
              "key": "prodCode4"
            },
            {
              "system": "Federated",
              "key": "prod_code_4"
            }
          ],
          "Cache": [
            {
              "system": "Redis",
              "key": "prodCode4"
            },
            {
              "system": "ElasticSearch",
              "key": "prod_code_4"
            }
          ],
          "Consumer": [
            {
              "system": "Fusion",
              "key": ""
            },
            {
              "system": "CXPCatalogDomain",
              "key": "prodCode4"
            }
          ]
        }
      },
      {
        "genericKey": "prodCode5",
        "details": {
          "source": [
            {
              "system": "DMD",
              "key": "prodCode5"
            }
          ],
          "Authorization": [
            {
              "system": "EPC",
              "key": "prodCode5"
            }
          ],
          "Persistence": [
            {
              "system": "Cassandra",
              "key": "prodCode5"
            },
            {
              "system": "Federated",
              "key": "prod_code_5"
            }
          ],
          "Cache": [
            {
              "system": "Redis",
              "key": "prodCode5"
            },
            {
              "system": "ElasticSearch",
              "key": "prod_code_5"
            }
          ],
          "Consumer": [
            {
              "system": "Fusion",
              "key": ""
            },
            {
              "system": "CXPCatalogDomain",
              "key": "prodCode5"
            }
          ]
        }
      },
      {
        "genericKey": "prodName",
        "details": {
          "source": [
            {
              "system": "DMD",
              "key": "imAccessoryMktgName"
            }
          ],
          "Authorization": [
            {
              "system": "EPC",
              "key": "prodName"
            }
          ],
          "Persistence": [
            {
              "system": "Cassandra",
              "key": "prodName"
            },
            {
              "system": "Federated",
              "key": "prod_name"
            }
          ],
          "Cache": [
            {
              "system": "Redis",
              "key": ""
            },
            {
              "system": "ElasticSearch",
              "key": ""
            }
          ],
          "Consumer": [
            {
              "system": "Fusion",
              "key": ""
            },
            {
              "system": "CXPCatalogDomain",
              "key": ""
            }
          ]
        }
      },
      {
        "genericKey": "prop65",
        "details": {
          "source": [
            {
              "system": "DMD",
              "key": "prop65"
            }
          ],
          "Authorization": [
            {
              "system": "EPC",
              "key": "prop65"
            }
          ],
          "Persistence": [
            {
              "system": "Cassandra",
              "key": "prop65"
            },
            {
              "system": "Federated",
              "key": "prop_65_warning"
            }
          ],
          "Cache": [
            {
              "system": "Redis",
              "key": "prop65Warning"
            },
            {
              "system": "ElasticSearch",
              "key": "prop_65_warning"
            }
          ],
          "Consumer": [
            {
              "system": "Fusion",
              "key": ""
            },
            {
              "system": "CXPCatalogDomain",
              "key": "prop65Warning"
            }
          ]
        }
      },
      {
        "genericKey": "metaTitle",
        "details": {
          "source": [
            {
              "system": "DMD",
              "key": "imAccessoryMktgName"
            }
          ],
          "Authorization": [
            {
              "system": "EPC",
              "key": "metaTitle"
            }
          ],
          "Persistence": [
            {
              "system": "Cassandra",
              "key": "metaTitle"
            },
            {
              "system": "Federated",
              "key": "meta_title"
            }
          ],
          "Cache": [
            {
              "system": "Redis",
              "key": "metaTitle"
            },
            {
              "system": "ElasticSearch",
              "key": "meta_title"
            }
          ],
          "Consumer": [
            {
              "system": "Fusion",
              "key": ""
            },
            {
              "system": "CXPCatalogDomain",
              "key": "metaTitle"
            }
          ]
        }
      },
      {
        "genericKey": "externalId/SOR",
        "details": {
          "source": [
            {
              "system": "DMD",
              "key": "accessorySku"
            }
          ],
          "Authorization": [
            {
              "system": "EPC",
              "key": "externalId"
            }
          ],
          "Persistence": [
            {
              "system": "Cassandra",
              "key": "SOR"
            },
            {
              "system": "Federated",
              "key": "ps_sor_id"
            }
          ],
          "Cache": [
            {
              "system": "Redis",
              "key": "sorId"
            },
            {
              "system": "ElasticSearch",
              "key": "sor_id"
            }
          ],
          "Consumer": [
            {
              "system": "Fusion",
              "key": "sku_sor_id_s"
            },
            {
              "system": "CXPCatalogDomain",
              "key": "sorId"
            }
          ]
        }
      },
      {
        "genericKey": "productUniversalAccessories",
        "details": {
          "source": [
            {
              "system": "DMD",
              "key": "universalPropCdList"
            }
          ],
          "Authorization": [
            {
              "system": "EPC",
              "key": "productUniversalAccessories"
            }
          ],
          "Persistence": [
            {
              "system": "Cassandra",
              "key": "productUniversalAccessories"
            },
            {
              "system": "Federated",
              "key": "code"
            }
          ],
          "Cache": [
            {
              "system": "Redis",
              "key": ""
            },
            {
              "system": "ElasticSearch",
              "key": ""
            }
          ],
          "Consumer": [
            {
              "system": "Fusion",
              "key": ""
            },
            {
              "system": "CXPCatalogDomain",
              "key": ""
            }
          ]
        }
      },
      {
        "genericKey": "universalFlag",
        "details": {
          "source": [
            {
              "system": "DMD",
              "key": "universalAcc"
            }
          ],
          "Authorization": [
            {
              "system": "EPC",
              "key": "universalFlag"
            }
          ],
          "Persistence": [
            {
              "system": "Cassandra",
              "key": "universalFlag"
            },
            {
              "system": "Federated",
              "key": "universal_flag"
            }
          ],
          "Cache": [
            {
              "system": "Redis",
              "key": ""
            },
            {
              "system": "ElasticSearch",
              "key": ""
            }
          ],
          "Consumer": [
            {
              "system": "Fusion",
              "key": ""
            },
            {
              "system": "CXPCatalogDomain",
              "key": ""
            }
          ]
        }
      },
      {
        "genericKey": "h1",
        "details": {
          "source": [
            {
              "system": "DMD",
              "key": "imAccessoryMktgName"
            }
          ],
          "Authorization": [
            {
              "system": "EPC",
              "key": "h1"
            }
          ],
          "Persistence": [
            {
              "system": "Cassandra",
              "key": "h1"
            },
            {
              "system": "Federated",
              "key": "h1_tag"
            }
          ],
          "Cache": [
            {
              "system": "Redis",
              "key": "h1Tag"
            },
            {
              "system": "ElasticSearch",
              "key": "h1_tag"
            }
          ],
          "Consumer": [
            {
              "system": "Fusion",
              "key": ""
            },
            {
              "system": "CXPCatalogDomain",
              "key": "h1Tag"
            }
          ]
        }
      },
      {
        "genericKey": "fullRetailPrice",
        "details": {
          "source": [
            {
              "system": "DPI",
              "key": "fullRetailPrice"
            }
          ],
          "Authorization": [
            {
              "system": "EPC",
              "key": "FRP"
            }
          ],
          "Persistence": [
            {
              "system": "Cassandra",
              "key": "FRP"
            },
            {
              "system": "Federated",
              "key": "frp"
            }
          ],
          "Cache": [
            {
              "system": "Redis",
              "key": "fullRetailPrice"
            },
            {
              "system": "ElasticSearch",
              "key": "list_price"
            }
          ],
          "Consumer": [
            {
              "system": "Fusion",
              "key": "fullRetailPrice_f"
            },
            {
              "system": "CXPCatalogDomain",
              "key": "fullRetailPrice"
            }
          ]
        }
      },
      {
        "genericKey": "sku",
        "details": {
          "source": [
            {
              "system": "DPI",
              "key": "sku"
            }
          ],
          "Authorization": [
            {
              "system": "EPC",
              "key": "sorid"
            }
          ],
          "Persistence": [
            {
              "system": "Cassandra",
              "key": "SOR"
            },
            {
              "system": "Federated",
              "key": "po_sor_id"
            }
          ],
          "Cache": [
            {
              "system": "Redis",
              "key": "sorId"
            },
            {
              "system": "ElasticSearch",
              "key": "sor_id"
            }
          ],
          "Consumer": [
            {
              "system": "Fusion",
              "key": "sku_sor_id_s"
            },
            {
              "system": "CXPCatalogDomain",
              "key": "sorId"
            }
          ]
        }
      }
    ]
  }
}