{
  "type": "CombinedDocumentsSearchResponse",
  "documents": [
    {
      "entityType": "productOfferingGroup",
      "documentMetaData": {
        "pageNumber": null,
        "lastModifiedDateTime": null,
        "lastModifiedUser": null,
        "documentID": "56e88087-4fa3-4fe5-970b-860fda26eead",
        "documentLevel": null,
        "documentName": [],
        "sharedStatus": null,
        "publishedStatus": null,
        "productionStatus": null,
        "coreStatus": null,
        "businessEntityType": "productOfferingGroup",
        "originalEntityType": null,
        "customEntityType": null,
        "baseBusinessRequestID": null,
        "mergeBusinessRequestID": null,
        "rootID": null,
        "rootEntityType": null,
        "rootIndexType": null,
        "baseStatus": null,
        "code": null
      },
      "deleted": false
    },
    {
      "entityType": "productoffering",
      "documentMetaData": {
        "pageNumber": null,
        "lastModifiedDateTime": null,
        "lastModifiedUser": null,
        "documentID": "791ae975-4531-47cd-b65f-ed3f91c92a85",
        "documentLevel": null,
        "documentName": [],
        "sharedStatus": null,
        "publishedStatus": null,
        "productionStatus": null,
        "coreStatus": null,
        "businessEntityType": "productOffering",
        "originalEntityType": null,
        "customEntityType": null,
        "baseBusinessRequestID": null,
        "mergeBusinessRequestID": null,
        "rootID": null,
        "rootEntityType": null,
        "rootIndexType": null,
        "baseStatus": null,
        "code": null
      },
      "deleted": false
    }
  ],
  "count": {
    "total": 2,
    "productoffering": 1,
    "productOfferingGroup": 1
  },
  "paths": [
    [
      [
        {
          "from": {
            "id": "791ae975-4531-47cd-b65f-ed3f91c92a85",
            "type": "productoffering"
          },
          "to": {
            "id": "56e88087-4fa3-4fe5-970b-860fda26eead",
            "type": "productOfferingGroup"
          },
          "relation": "productOfferingsInGroup"
        }
      ]
    ],
    []
  ]
}