{
  "items": {
    "device": [
      {
        "genericKey": "prodName",
        "details": {
          "source": [
            {
              "system": "DMD",
              "key": "prodName"
            }
          ],
          "Authorization": [
            {
              "system": "EPC",
              "key": "prodName"
            }
          ],
          "Persistence": [
            {
              "system": "Cassandra",
              "key": "prodName"
            },
            {
              "system": "Federated",
              "key": "prod_name"
            }
          ],
          "Cache": [
            {
              "system": "Redis",
              "key": "prodName"
            },
            {
              "system": "ElasticSearch",
              "key": "prod_name"
            }
          ],
          "Consumer": [
            {
              "system": "Fusion",
              "key": "product_display_name_s"
            },
            {
              "system": "CXPCatalogDomain",
              "key": "sorDisplayName"
            }
          ]
        }
      },
      {
        "genericKey": "imEquipId",
        "details": {
          "source": [
            {
              "system": "DMD",
              "key": "imEquipID"
            }
          ],
          "Authorization": [
            {
              "system": "EPC",
              "key": "imEquipId"
            }
          ],
          "Persistence": [
            {
              "system": "Cassandra",
              "key": "imEquipId"
            },
            {
              "system": "Federated",
              "key": "im_equip_id"
            }
          ],
          "Cache": [
            {
              "system": "Redis",
              "key": "equipId"
            },
            {
              "system": "ElasticSearch",
              "key": "im_equip_id"
            }
          ],
          "Consumer": [
            {
              "system": "Fusion",
              "key": ""
            },
            {
              "system": "CXPCatalogDomain",
              "key": ""
            }
          ]
        }
      },
      {
        "genericKey": "upcCode",
        "details": {
          "source": [
            {
              "system": "DMD",
              "key": "upcCode"
            }
          ],
          "Authorization": [
            {
              "system": "EPC",
              "key": "upcCode"
            }
          ],
          "Persistence": [
            {
              "system": "Cassandra",
              "key": "upcCode"
            },
            {
              "system": "Federated",
              "key": "upc_code"
            }
          ],
          "Cache": [
            {
              "system": "Redis",
              "key": "upcCode"
            },
            {
              "system": "ElasticSearch",
              "key": "upc_code"
            }
          ],
          "Consumer": [
            {
              "system": "Fusion",
              "key": ""
            },
            {
              "system": "CXPCatalogDomain",
              "key": "upcCode"
            }
          ]
        }
      },
      {
        "genericKey": "upcCodeFull",
        "details": {
          "source": [
            {
              "system": "DMD",
              "key": "upcCodeFull"
            }
          ],
          "Authorization": [
            {
              "system": "EPC",
              "key": "upcCodeFull"
            }
          ],
          "Persistence": [
            {
              "system": "Cassandra",
              "key": "upcCodeFull"
            },
            {
              "system": "Federated",
              "key": "upc_code_full"
            }
          ],
          "Cache": [
            {
              "system": "Redis",
              "key": "upcCodeFull"
            },
            {
              "system": "ElasticSearch",
              "key": ""
            }
          ],
          "Consumer": [
            {
              "system": "Fusion",
              "key": ""
            },
            {
              "system": "CXPCatalogDomain",
              "key": "upcCodeFull"
            }
          ]
        }
      },
      {
        "genericKey": "ispuEligible",
        "details": {
          "source": [
            {
              "system": "DMD",
              "key": "ispuEligible"
            }
          ],
          "Authorization": [
            {
              "system": "EPC",
              "key": "instorepickupflag"
            }
          ],
          "Persistence": [
            {
              "system": "Cassandra",
              "key": "instorepickupflag"
            },
            {
              "system": "Federated",
              "key": "instore_pickup_flag"
            }
          ],
          "Cache": [
            {
              "system": "Redis",
              "key": "instorePickupFlag"
            },
            {
              "system": "ElasticSearch",
              "key": "in_store_pickup_flag"
            }
          ],
          "Consumer": [
            {
              "system": "Fusion",
              "key": "sku_in_store_pickup_flag_b"
            },
            {
              "system": "CXPCatalogDomain",
              "key": "isInstorePickup"
            }
          ]
        }
      },
      {
        "genericKey": "deviceCarrier",
        "details": {
          "source": [
            {
              "system": "DMD",
              "key": "deviceCarrier"
            }
          ],
          "Authorization": [
            {
              "system": "EPC",
              "key": "carrier"
            }
          ],
          "Persistence": [
            {
              "system": "Cassandra",
              "key": "carrier.displayName"
            },
            {
              "system": "Federated",
              "key": "car_display_name"
            }
          ],
          "Cache": [
            {
              "system": "Redis",
              "key": "carrier"
            },
            {
              "system": "ElasticSearch",
              "key": "carrier"
            }
          ],
          "Consumer": [
            {
              "system": "Fusion",
              "key": ""
            },
            {
              "system": "CXPCatalogDomain",
              "key": "carrier"
            }
          ]
        }
      },
      {
        "genericKey": "prepayRestrictStartDate",
        "details": {
          "source": [
            {
              "system": "DMD",
              "key": "prepayRestrictStartDate"
            }
          ],
          "Authorization": [
            {
              "system": "EPC",
              "key": "prepayRestrictDate"
            }
          ],
          "Persistence": [
            {
              "system": "Cassandra",
              "key": "prepayRestrictDate"
            },
            {
              "system": "Federated",
              "key": "prepay_restrict_date"
            }
          ],
          "Cache": [
            {
              "system": "Redis",
              "key": ""
            },
            {
              "system": "ElasticSearch",
              "key": "prepay_restrict_start_date"
            }
          ],
          "Consumer": [
            {
              "system": "Fusion",
              "key": ""
            },
            {
              "system": "CXPCatalogDomain",
              "key": ""
            }
          ]
        }
      },
      {
        "genericKey": "btaEligiblity",
        "details": {
          "source": [
            {
              "system": "DMD",
              "key": "btaEligiblity"
            }
          ],
          "Authorization": [
            {
              "system": "EPC",
              "key": "billToAccountEligibleFlag"
            }
          ],
          "Persistence": [
            {
              "system": "Cassandra",
              "key": "billToAccountEligibleFlag"
            },
            {
              "system": "Federated",
              "key": "bill_to_account_eligible_flag"
            }
          ],
          "Cache": [
            {
              "system": "Redis",
              "key": "billToAccountFlag"
            },
            {
              "system": "ElasticSearch",
              "key": "bill_to_acc_eligible_flag"
            }
          ],
          "Consumer": [
            {
              "system": "Fusion",
              "key": ""
            },
            {
              "system": "CXPCatalogDomain",
              "key": "isBillToAccount"
            }
          ]
        }
      },
      {
        "genericKey": "edgeDeviceCap",
        "details": {
          "source": [
            {
              "system": "DMD",
              "key": "edgeDeviceCap"
            }
          ],
          "Authorization": [
            {
              "system": "EPC",
              "key": "edgeDeviceCap"
            }
          ],
          "Persistence": [
            {
              "system": "Cassandra",
              "key": "edgeDeviceCap"
            },
            {
              "system": "Federated",
              "key": "edge_device_cap"
            }
          ],
          "Cache": [
            {
              "system": "Redis",
              "key": "edgeDeviceCap"
            },
            {
              "system": "ElasticSearch",
              "key": "edge_device_cap"
            }
          ],
          "Consumer": [
            {
              "system": "Fusion",
              "key": ""
            },
            {
              "system": "CXPCatalogDomain",
              "key": "edgeDeviceCap"
            }
          ]
        }
      },
      {
        "genericKey": "edgeDpcItem",
        "details": {
          "source": [
            {
              "system": "DMD",
              "key": "edgeDpcItem"
            }
          ],
          "Authorization": [
            {
              "system": "EPC",
              "key": "edgeDpc"
            }
          ],
          "Persistence": [
            {
              "system": "Cassandra",
              "key": "edgeDpc"
            },
            {
              "system": "Federated",
              "key": "edgedpc"
            }
          ],
          "Cache": [
            {
              "system": "Redis",
              "key": "edgedpc"
            },
            {
              "system": "ElasticSearch",
              "key": ""
            }
          ],
          "Consumer": [
            {
              "system": "Fusion",
              "key": ""
            },
            {
              "system": "CXPCatalogDomain",
              "key": "edgeDpc"
            }
          ]
        }
      },
      {
        "genericKey": "edgeDpcGroup",
        "details": {
          "source": [
            {
              "system": "DMD",
              "key": "edgeDpcGroup"
            }
          ],
          "Authorization": [
            {
              "system": "EPC",
              "key": "edgeDpcGroup"
            }
          ],
          "Persistence": [
            {
              "system": "Cassandra",
              "key": "edgeDpcGroup"
            },
            {
              "system": "Federated",
              "key": "edgedpcgroup"
            }
          ],
          "Cache": [
            {
              "system": "Redis",
              "key": "edgedpcgroup"
            },
            {
              "system": "ElasticSearch",
              "key": ""
            }
          ],
          "Consumer": [
            {
              "system": "Fusion",
              "key": ""
            },
            {
              "system": "CXPCatalogDomain",
              "key": "edgeDpcGroup"
            }
          ]
        }
      },
      {
        "genericKey": "edgeEligibleInd",
        "details": {
          "source": [
            {
              "system": "DMD",
              "key": "edgeEligibleInd"
            }
          ],
          "Authorization": [
            {
              "system": "EPC",
              "key": "edgeEligibilityInd"
            }
          ],
          "Persistence": [
            {
              "system": "Cassandra",
              "key": "edgeEligibilityInd"
            },
            {
              "system": "Federated",
              "key": "edge_eligibility_ind"
            }
          ],
          "Cache": [
            {
              "system": "Redis",
              "key": ""
            },
            {
              "system": "ElasticSearch",
              "key": "edge_eligibility_ind"
            }
          ],
          "Consumer": [
            {
              "system": "Fusion",
              "key": ""
            },
            {
              "system": "CXPCatalogDomain",
              "key": ""
            }
          ]
        }
      },
      {
        "genericKey": "imImageUrl",
        "details": {
          "source": [
            {
              "system": "DMD",
              "key": "imImageUrl"
            }
          ],
          "Authorization": [
            {
              "system": "EPC",
              "key": "imImageUrl"
            }
          ],
          "Persistence": [
            {
              "system": "Cassandra",
              "key": "imImageUrl"
            },
            {
              "system": "Federated",
              "key": "im_image_url"
            }
          ],
          "Cache": [
            {
              "system": "Redis",
              "key": "imageUrlMap"
            },
            {
              "system": "ElasticSearch",
              "key": "image_url"
            }
          ],
          "Consumer": [
            {
              "system": "Fusion",
              "key": ""
            },
            {
              "system": "CXPCatalogDomain",
              "key": "imageUrlMap"
            }
          ]
        }
      },
      {
        "genericKey": "instantCredit",
        "details": {
          "source": [
            {
              "system": "DMD",
              "key": "instantCredit"
            }
          ],
          "Authorization": [
            {
              "system": "EPC",
              "key": "instantCredit"
            }
          ],
          "Persistence": [
            {
              "system": "Cassandra",
              "key": "instantCredit"
            },
            {
              "system": "Federated",
              "key": "instant_credit"
            }
          ],
          "Cache": [
            {
              "system": "Redis",
              "key": ""
            },
            {
              "system": "ElasticSearch",
              "key": ""
            }
          ],
          "Consumer": [
            {
              "system": "Fusion",
              "key": ""
            },
            {
              "system": "CXPCatalogDomain",
              "key": ""
            }
          ]
        }
      },
      {
        "genericKey": "itemCost",
        "details": {
          "source": [
            {
              "system": "DMD",
              "key": "itemCost"
            }
          ],
          "Authorization": [
            {
              "system": "EPC",
              "key": "itemCost"
            }
          ],
          "Persistence": [
            {
              "system": "Cassandra",
              "key": "itemCost"
            },
            {
              "system": "Federated",
              "key": "item_cost"
            }
          ],
          "Cache": [
            {
              "system": "Redis",
              "key": "itemCost"
            },
            {
              "system": "ElasticSearch",
              "key": "item_cost"
            }
          ],
          "Consumer": [
            {
              "system": "Fusion",
              "key": ""
            },
            {
              "system": "CXPCatalogDomain",
              "key": "itemCost"
            }
          ]
        }
      },
      {
        "genericKey": "sorPIBIndicator",
        "details": {
          "source": [
            {
              "system": "DMD",
              "key": "prepaySkuInd"
            }
          ],
          "Authorization": [
            {
              "system": "EPC",
              "key": "sorPIBIndicator"
            }
          ],
          "Persistence": [
            {
              "system": "Cassandra",
              "key": "sorPIBIndicator"
            },
            {
              "system": "Federated",
              "key": "sor_pib_ind"
            }
          ],
          "Cache": [
            {
              "system": "Redis",
              "key": "isPrepay"
            },
            {
              "system": "ElasticSearch",
              "key": ""
            }
          ],
          "Consumer": [
            {
              "system": "Fusion",
              "key": ""
            },
            {
              "system": "CXPCatalogDomain",
              "key": ""
            }
          ]
        }
      },
      {
        "genericKey": "prodCode1",
        "details": {
          "source": [
            {
              "system": "DMD",
              "key": "prodCode1"
            }
          ],
          "Authorization": [
            {
              "system": "EPC",
              "key": "prodCode1"
            }
          ],
          "Persistence": [
            {
              "system": "Cassandra",
              "key": "prodCode1"
            },
            {
              "system": "Federated",
              "key": "prod_code_1"
            }
          ],
          "Cache": [
            {
              "system": "Redis",
              "key": "prodCode1"
            },
            {
              "system": "ElasticSearch",
              "key": "prod_code_1"
            }
          ],
          "Consumer": [
            {
              "system": "Fusion",
              "key": ""
            },
            {
              "system": "CXPCatalogDomain",
              "key": "prodCode1"
            }
          ]
        }
      },
      {
        "genericKey": "prodCode2",
        "details": {
          "source": [
            {
              "system": "DMD",
              "key": "prodCode2"
            }
          ],
          "Authorization": [
            {
              "system": "EPC",
              "key": "prodCode2"
            }
          ],
          "Persistence": [
            {
              "system": "Cassandra",
              "key": "prodCode2"
            },
            {
              "system": "Federated",
              "key": "prod_code_2"
            }
          ],
          "Cache": [
            {
              "system": "Redis",
              "key": "prodCode2"
            },
            {
              "system": "ElasticSearch",
              "key": "prod_code_2"
            }
          ],
          "Consumer": [
            {
              "system": "Fusion",
              "key": ""
            },
            {
              "system": "CXPCatalogDomain",
              "key": "prodCode2"
            }
          ]
        }
      },
      {
        "genericKey": "prodCode3",
        "details": {
          "source": [
            {
              "system": "DMD",
              "key": "prodCode3"
            }
          ],
          "Authorization": [
            {
              "system": "EPC",
              "key": "prodCode3"
            }
          ],
          "Persistence": [
            {
              "system": "Cassandra",
              "key": "prodCode3"
            },
            {
              "system": "Federated",
              "key": "prod_code_3"
            }
          ],
          "Cache": [
            {
              "system": "Redis",
              "key": "prodCode3"
            },
            {
              "system": "ElasticSearch",
              "key": "prod_code_3"
            }
          ],
          "Consumer": [
            {
              "system": "Fusion",
              "key": ""
            },
            {
              "system": "CXPCatalogDomain",
              "key": "prodCode3"
            }
          ]
        }
      },
      {
        "genericKey": "prodCode4",
        "details": {
          "source": [
            {
              "system": "DMD",
              "key": "prodCode4"
            }
          ],
          "Authorization": [
            {
              "system": "EPC",
              "key": "prodCode4"
            }
          ],
          "Persistence": [
            {
              "system": "Cassandra",
              "key": "prodCode4"
            },
            {
              "system": "Federated",
              "key": "prod_code_4"
            }
          ],
          "Cache": [
            {
              "system": "Redis",
              "key": "prodCode4"
            },
            {
              "system": "ElasticSearch",
              "key": "prod_code_4"
            }
          ],
          "Consumer": [
            {
              "system": "Fusion",
              "key": ""
            },
            {
              "system": "CXPCatalogDomain",
              "key": "prodCode4"
            }
          ]
        }
      },
      {
        "genericKey": "prodCode5",
        "details": {
          "source": [
            {
              "system": "DMD",
              "key": "prodCode5"
            }
          ],
          "Authorization": [
            {
              "system": "EPC",
              "key": "prodCode5"
            }
          ],
          "Persistence": [
            {
              "system": "Cassandra",
              "key": "prodCode5"
            },
            {
              "system": "Federated",
              "key": "prod_code_5"
            }
          ],
          "Cache": [
            {
              "system": "Redis",
              "key": "prodCode5"
            },
            {
              "system": "ElasticSearch",
              "key": "prod_code_5"
            }
          ],
          "Consumer": [
            {
              "system": "Fusion",
              "key": "sku_prod_code5_s"
            },
            {
              "system": "CXPCatalogDomain",
              "key": "prodCode5"
            }
          ]
        }
      },
      {
        "genericKey": "prop65",
        "details": {
          "source": [
            {
              "system": "DMD",
              "key": "prop65"
            }
          ],
          "Authorization": [
            {
              "system": "EPC",
              "key": "prop65"
            }
          ],
          "Persistence": [
            {
              "system": "Cassandra",
              "key": "prop65"
            },
            {
              "system": "Federated",
              "key": "prop_65_warning"
            }
          ],
          "Cache": [
            {
              "system": "Redis",
              "key": "prop65Warning"
            },
            {
              "system": "ElasticSearch",
              "key": "prop_65_warning"
            }
          ],
          "Consumer": [
            {
              "system": "Fusion",
              "key": ""
            },
            {
              "system": "CXPCatalogDomain",
              "key": "prop65Warning"
            }
          ]
        }
      },
      {
        "genericKey": "pairedImeiSku",
        "details": {
          "source": [
            {
              "system": "DMD",
              "key": "pairedImeiSku"
            }
          ],
          "Authorization": [
            {
              "system": "EPC",
              "key": "pairedImeiSku"
            }
          ],
          "Persistence": [
            {
              "system": "Cassandra",
              "key": "pairedImeiSku"
            },
            {
              "system": "Federated",
              "key": "paired_imei_sku"
            }
          ],
          "Cache": [
            {
              "system": "Redis",
              "key": "pairedImeiSku"
            },
            {
              "system": "ElasticSearch",
              "key": ""
            }
          ],
          "Consumer": [
            {
              "system": "Fusion",
              "key": ""
            },
            {
              "system": "CXPCatalogDomain",
              "key": "pairedImeiSku"
            }
          ]
        }
      },
      {
        "genericKey": "familyName",
        "details": {
          "source": [
            {
              "system": "DMD",
              "key": "familyName"
            }
          ],
          "Authorization": [
            {
              "system": "EPC",
              "key": "documentName"
            }
          ],
          "Persistence": [
            {
              "system": "Cassandra",
              "key": "sorProductFamily"
            },
            {
              "system": "Federated",
              "key": "sor_product_family"
            }
          ],
          "Cache": [
            {
              "system": "Redis",
              "key": "sorProductFamily"
            },
            {
              "system": "ElasticSearch",
              "key": "sor_display_name"
            }
          ],
          "Consumer": [
            {
              "system": "Fusion",
              "key": "sku_sor_product_family_t"
            },
            {
              "system": "CXPCatalogDomain",
              "key": "sorProductFamily"
            }
          ]
        }
      },
      {
        "genericKey": "mfgName",
        "details": {
          "source": [
            {
              "system": "DMD",
              "key": "mfgName"
            }
          ],
          "Authorization": [
            {
              "system": "EPC",
              "key": "manufacturer"
            }
          ],
          "Persistence": [
            {
              "system": "Cassandra",
              "key": "manufacturer.displayName"
            },
            {
              "system": "Federated",
              "key": "manufacturer_name"
            }
          ],
          "Cache": [
            {
              "system": "Redis",
              "key": "manufacturerName"
            },
            {
              "system": "ElasticSearch",
              "key": "manufacturer"
            }
          ],
          "Consumer": [
            {
              "system": "Fusion",
              "key": "brand"
            },
            {
              "system": "CXPCatalogDomain",
              "key": "brandName"
            }
          ]
        }
      },
      {
        "genericKey": "globalPhone",
        "details": {
          "source": [
            {
              "system": "DMD",
              "key": "globalPhone"
            }
          ],
          "Authorization": [
            {
              "system": "EPC",
              "key": "globalReadyFlag"
            }
          ],
          "Persistence": [
            {
              "system": "Cassandra",
              "key": "globalReadyFlag"
            },
            {
              "system": "Federated",
              "key": "global_ready_flag"
            }
          ],
          "Cache": [
            {
              "system": "Redis",
              "key": "isGlobalReady"
            },
            {
              "system": "ElasticSearch",
              "key": "global_ready_flag"
            }
          ],
          "Consumer": [
            {
              "system": "Fusion",
              "key": ""
            },
            {
              "system": "CXPCatalogDomain",
              "key": "isGlobalReady"
            }
          ]
        }
      },
      {
        "genericKey": "deviceType",
        "details": {
          "source": [
            {
              "system": "DMD",
              "key": "deviceType"
            }
          ],
          "Authorization": [
            {
              "system": "EPC",
              "key": "sorDeviceType"
            }
          ],
          "Persistence": [
            {
              "system": "Cassandra",
              "key": "sorDeviceType"
            },
            {
              "system": "Federated",
              "key": "sor_device_type"
            }
          ],
          "Cache": [
            {
              "system": "Redis",
              "key": "sorDeviceType"
            },
            {
              "system": "ElasticSearch",
              "key": "sor_device_type"
            }
          ],
          "Consumer": [
            {
              "system": "Fusion",
              "key": "product_sor_device_type_s"
            },
            {
              "system": "CXPCatalogDomain",
              "key": "sorDeviceType"
            }
          ]
        }
      },
      {
        "genericKey": "deviceCategory",
        "details": {
          "source": [
            {
              "system": "DMD",
              "key": "deviceCategory"
            }
          ],
          "Authorization": [
            {
              "system": "EPC",
              "key": "sorDeviceCategory"
            }
          ],
          "Persistence": [
            {
              "system": "Cassandra",
              "key": "sorDeviceCategory"
            },
            {
              "system": "Federated",
              "key": "sor_device_category"
            }
          ],
          "Cache": [
            {
              "system": "Redis",
              "key": "sorDeviceCategory"
            },
            {
              "system": "ElasticSearch",
              "key": "sor_device_category"
            }
          ],
          "Consumer": [
            {
              "system": "Fusion",
              "key": "product_sor_device_category_s"
            },
            {
              "system": "CXPCatalogDomain",
              "key": "sorDeviceCategory"
            }
          ]
        }
      },
      {
        "genericKey": "backupAssistCapable",
        "details": {
          "source": [
            {
              "system": "DMD",
              "key": "backupAssistCapable"
            }
          ],
          "Authorization": [
            {
              "system": "EPC",
              "key": "backupAssistCapableFlag"
            }
          ],
          "Persistence": [
            {
              "system": "Cassandra",
              "key": "backupAssistCapableFlag"
            },
            {
              "system": "Federated",
              "key": "sor_bkup_assist_capable_flag"
            }
          ],
          "Cache": [
            {
              "system": "Redis",
              "key": ""
            },
            {
              "system": "ElasticSearch",
              "key": ""
            }
          ],
          "Consumer": [
            {
              "system": "Fusion",
              "key": ""
            },
            {
              "system": "CXPCatalogDomain",
              "key": ""
            }
          ]
        }
      },
      {
        "genericKey": "buddyUpgrdEligInd",
        "details": {
          "source": [
            {
              "system": "DMD",
              "key": "buddyUpgrdEligInd"
            }
          ],
          "Authorization": [
            {
              "system": "EPC",
              "key": "buddyUpgrdEligInd"
            }
          ],
          "Persistence": [
            {
              "system": "Cassandra",
              "key": "buddyUpgrdEligInd"
            },
            {
              "system": "Federated",
              "key": "sor_buddy_upgrd_elig_ind"
            }
          ],
          "Cache": [
            {
              "system": "Redis",
              "key": "sorBuddyUpgrdEligInd"
            },
            {
              "system": "ElasticSearch",
              "key": "buddy_upgrd_elig_ind"
            }
          ],
          "Consumer": [
            {
              "system": "Fusion",
              "key": ""
            },
            {
              "system": "CXPCatalogDomain",
              "key": "isBuddyUpgradeEligible"
            }
          ]
        }
      },
      {
        "genericKey": "dacc",
        "details": {
          "source": [
            {
              "system": "DMD",
              "key": "dacc"
            }
          ],
          "Authorization": [
            {
              "system": "EPC",
              "key": "dacc"
            }
          ],
          "Persistence": [
            {
              "system": "Cassandra",
              "key": "dacc"
            },
            {
              "system": "Federated",
              "key": "dacc_id"
            }
          ],
          "Cache": [
            {
              "system": "Redis",
              "key": "daccId"
            },
            {
              "system": "ElasticSearch",
              "key": "dacc"
            }
          ],
          "Consumer": [
            {
              "system": "Fusion",
              "key": ""
            },
            {
              "system": "CXPCatalogDomain",
              "key": "daccId"
            }
          ]
        }
      },
      {
        "genericKey": "deviceCapabilityInd",
        "details": {
          "source": [
            {
              "system": "DMD",
              "key": "deviceCapabilityInd"
            }
          ],
          "Authorization": [
            {
              "system": "EPC",
              "key": "deviceCapabilityInd"
            }
          ],
          "Persistence": [
            {
              "system": "Cassandra",
              "key": "deviceCapabilityInd"
            },
            {
              "system": "Federated",
              "key": "sor_device_capab_ind"
            }
          ],
          "Cache": [
            {
              "system": "Redis",
              "key": "deviceCapabInd"
            },
            {
              "system": "ElasticSearch",
              "key": "device_capability_ind"
            }
          ],
          "Consumer": [
            {
              "system": "Fusion",
              "key": ""
            },
            {
              "system": "CXPCatalogDomain",
              "key": "deviceCapabInd"
            }
          ]
        }
      },
      {
        "genericKey": "dsds",
        "details": {
          "source": [
            {
              "system": "DMD",
              "key": "dsds"
            }
          ],
          "Authorization": [
            {
              "system": "EPC",
              "key": "dsdsCapable"
            }
          ],
          "Persistence": [
            {
              "system": "Cassandra",
              "key": "dsdsCapable"
            },
            {
              "system": "Federated",
              "key": "dsds_capable"
            }
          ],
          "Cache": [
            {
              "system": "Redis",
              "key": "dsdsCapable"
            },
            {
              "system": "ElasticSearch",
              "key": ""
            }
          ],
          "Consumer": [
            {
              "system": "Fusion",
              "key": ""
            },
            {
              "system": "CXPCatalogDomain",
              "key": "isDsdsCapable"
            }
          ]
        }
      },
      {
        "genericKey": "deviceFamilyType",
        "details": {
          "source": [
            {
              "system": "DMD",
              "key": "deviceFamilyType"
            }
          ],
          "Authorization": [
            {
              "system": "EPC",
              "key": "deviceFamilyType"
            }
          ],
          "Persistence": [
            {
              "system": "Cassandra",
              "key": "deviceFamilyType"
            },
            {
              "system": "Federated",
              "key": "sor_device_family_type"
            }
          ],
          "Cache": [
            {
              "system": "Redis",
              "key": "sorDeviceFamilyType"
            },
            {
              "system": "ElasticSearch",
              "key": "device_family_type"
            }
          ],
          "Consumer": [
            {
              "system": "Fusion",
              "key": "product_sor_device_family_type_s"
            },
            {
              "system": "CXPCatalogDomain",
              "key": "sorDeviceFamilyType"
            }
          ]
        }
      },
      {
        "genericKey": "hdVoice",
        "details": {
          "source": [
            {
              "system": "DMD",
              "key": "hdVoice"
            }
          ],
          "Authorization": [
            {
              "system": "EPC",
              "key": "hdVoiceInd"
            }
          ],
          "Persistence": [
            {
              "system": "Cassandra",
              "key": "hdVoiceInd"
            },
            {
              "system": "Federated",
              "key": "sor_hd_voice_ind"
            }
          ],
          "Cache": [
            {
              "system": "Redis",
              "key": "sorHdVoiceInd"
            },
            {
              "system": "ElasticSearch",
              "key": "sor_hd_voice_ind"
            }
          ],
          "Consumer": [
            {
              "system": "Fusion",
              "key": ""
            },
            {
              "system": "CXPCatalogDomain",
              "key": "sorHdVoiceInd"
            }
          ]
        }
      },
      {
        "genericKey": "imDeviceCategory",
        "details": {
          "source": [
            {
              "system": "DMD",
              "key": "imDeviceCategory"
            }
          ],
          "Authorization": [
            {
              "system": "EPC",
              "key": "sorIMDeviceCategory"
            }
          ],
          "Persistence": [
            {
              "system": "Cassandra",
              "key": "sorIMDeviceCategory"
            },
            {
              "system": "Federated",
              "key": "sor_im_device_category"
            }
          ],
          "Cache": [
            {
              "system": "Redis",
              "key": "sorImDeviceCategory"
            },
            {
              "system": "ElasticSearch",
              "key": "sor_im_device_category"
            }
          ],
          "Consumer": [
            {
              "system": "Fusion",
              "key": "product_sor_device_category_s"
            },
            {
              "system": "CXPCatalogDomain",
              "key": "sorImDeviceCategory"
            }
          ]
        }
      },
      {
        "genericKey": "nfcCapable",
        "details": {
          "source": [
            {
              "system": "DMD",
              "key": "nfcCapable"
            }
          ],
          "Authorization": [
            {
              "system": "EPC",
              "key": "nfcCapableFlag"
            }
          ],
          "Persistence": [
            {
              "system": "Cassandra",
              "key": "nfcCapableFlag"
            },
            {
              "system": "Federated",
              "key": "sor_nfc_capable_flag"
            }
          ],
          "Cache": [
            {
              "system": "Redis",
              "key": ""
            },
            {
              "system": "ElasticSearch",
              "key": ""
            }
          ],
          "Consumer": [
            {
              "system": "Fusion",
              "key": ""
            },
            {
              "system": "CXPCatalogDomain",
              "key": ""
            }
          ]
        }
      },
      {
        "genericKey": "nfcCompatibleFlag",
        "details": {
          "source": [
            {
              "system": "DMD",
              "key": "nfcCompatible"
            }
          ],
          "Authorization": [
            {
              "system": "EPC",
              "key": "nfcCompatibleFlag"
            }
          ],
          "Persistence": [
            {
              "system": "Cassandra",
              "key": "nfcCompatibleFlag"
            },
            {
              "system": "Federated",
              "key": "sor_nfc_compatible_flag"
            }
          ],
          "Cache": [
            {
              "system": "Redis",
              "key": ""
            },
            {
              "system": "ElasticSearch",
              "key": ""
            }
          ],
          "Consumer": [
            {
              "system": "Fusion",
              "key": ""
            },
            {
              "system": "CXPCatalogDomain",
              "key": ""
            }
          ]
        }
      },
      {
        "genericKey": "preferredSim",
        "details": {
          "source": [
            {
              "system": "DMD",
              "key": "preferredSim"
            }
          ],
          "Authorization": [
            {
              "system": "EPC",
              "key": "preferredSim"
            }
          ],
          "Persistence": [
            {
              "system": "Cassandra",
              "key": "preferredSim"
            },
            {
              "system": "Federated",
              "key": "preferred_sim_id"
            }
          ],
          "Cache": [
            {
              "system": "Redis",
              "key": "preferredSimSku"
            },
            {
              "system": "ElasticSearch",
              "key": "preferred_sim"
            }
          ],
          "Consumer": [
            {
              "system": "Fusion",
              "key": "sku_sim_sku_s"
            },
            {
              "system": "CXPCatalogDomain",
              "key": "preferredSimSku"
            }
          ]
        }
      },
      {
        "genericKey": "preferredSoftSim",
        "details": {
          "source": [
            {
              "system": "DMD",
              "key": "preferredSoftSim"
            }
          ],
          "Authorization": [
            {
              "system": "EPC",
              "key": "preferredSoftSim"
            }
          ],
          "Persistence": [
            {
              "system": "Cassandra",
              "key": "preferredSoftSim"
            },
            {
              "system": "Federated",
              "key": "preferred_soft_sim"
            }
          ],
          "Cache": [
            {
              "system": "Redis",
              "key": "preferredSoftSim"
            },
            {
              "system": "ElasticSearch",
              "key": "preferred_soft_sim"
            }
          ],
          "Consumer": [
            {
              "system": "Fusion",
              "key": "sku_sim_sku_s"
            },
            {
              "system": "CXPCatalogDomain",
              "key": "preferredSoftSim"
            }
          ]
        }
      },
      {
        "genericKey": "alternateSim",
        "details": {
          "source": [
            {
              "system": "DMD",
              "key": "alternateSim"
            }
          ],
          "Authorization": [
            {
              "system": "EPC",
              "key": "alternateSim"
            }
          ],
          "Persistence": [
            {
              "system": "Cassandra",
              "key": "alternateSim"
            },
            {
              "system": "Federated",
              "key": "alternate_sim"
            }
          ],
          "Cache": [
            {
              "system": "Redis",
              "key": ""
            },
            {
              "system": "ElasticSearch",
              "key": ""
            }
          ],
          "Consumer": [
            {
              "system": "Fusion",
              "key": "sku_sim_sku_s"
            },
            {
              "system": "CXPCatalogDomain",
              "key": ""
            }
          ]
        }
      },
      {
        "genericKey": "restrictToFamilyInd",
        "details": {
          "source": [
            {
              "system": "DMD",
              "key": "restrictToFamilyInd"
            }
          ],
          "Authorization": [
            {
              "system": "EPC",
              "key": "restrictToFamilyInd"
            }
          ],
          "Persistence": [
            {
              "system": "Cassandra",
              "key": "restrictToFamilyInd"
            },
            {
              "system": "Federated",
              "key": "sor_restrict_to_family_ind"
            }
          ],
          "Cache": [
            {
              "system": "Redis",
              "key": ""
            },
            {
              "system": "ElasticSearch",
              "key": "restrict_to_family_ind"
            }
          ],
          "Consumer": [
            {
              "system": "Fusion",
              "key": ""
            },
            {
              "system": "CXPCatalogDomain",
              "key": ""
            }
          ]
        }
      },
      {
        "genericKey": "simClass4G",
        "details": {
          "source": [
            {
              "system": "DMD",
              "key": "simClass4G"
            }
          ],
          "Authorization": [
            {
              "system": "EPC",
              "key": "simClass4g"
            }
          ],
          "Persistence": [
            {
              "system": "Cassandra",
              "key": "simClass4g"
            },
            {
              "system": "Federated",
              "key": "sim_class_4g"
            }
          ],
          "Cache": [
            {
              "system": "Redis",
              "key": "simClass4G"
            },
            {
              "system": "ElasticSearch",
              "key": "sim_class_4g"
            }
          ],
          "Consumer": [
            {
              "system": "Fusion",
              "key": ""
            },
            {
              "system": "CXPCatalogDomain",
              "key": "simClass4G"
            }
          ]
        }
      },
      {
        "genericKey": "smsCapable",
        "details": {
          "source": [
            {
              "system": "DMD",
              "key": "smsCapable"
            }
          ],
          "Authorization": [
            {
              "system": "EPC",
              "key": "smsCapableFlag"
            }
          ],
          "Persistence": [
            {
              "system": "Cassandra",
              "key": "smsCapableFlag"
            },
            {
              "system": "Federated",
              "key": "sor_sms_capable_flag"
            }
          ],
          "Cache": [
            {
              "system": "Redis",
              "key": "smsCapableFlag"
            },
            {
              "system": "ElasticSearch",
              "key": "sms_capable_flag"
            }
          ],
          "Consumer": [
            {
              "system": "Fusion",
              "key": ""
            },
            {
              "system": "CXPCatalogDomain",
              "key": "isSMSCapable"
            }
          ]
        }
      },
      {
        "genericKey": "wifiCalling",
        "details": {
          "source": [
            {
              "system": "DMD",
              "key": "wifiCalling"
            }
          ],
          "Authorization": [
            {
              "system": "EPC",
              "key": "wifiCallingInd"
            }
          ],
          "Persistence": [
            {
              "system": "Cassandra",
              "key": "wifiCallingInd"
            },
            {
              "system": "Federated",
              "key": "sor_wifi_calling_ind"
            }
          ],
          "Cache": [
            {
              "system": "Redis",
              "key": "isWifiCalling"
            },
            {
              "system": "ElasticSearch",
              "key": "wifi_calling_ind"
            }
          ],
          "Consumer": [
            {
              "system": "Fusion",
              "key": ""
            },
            {
              "system": "CXPCatalogDomain",
              "key": "isWifiCalling"
            }
          ]
        }
      },
      {
        "genericKey": "cdmaCapableInd",
        "details": {
          "source": [
            {
              "system": "DMD",
              "key": "cdmaCapableInd"
            }
          ],
          "Authorization": [
            {
              "system": "EPC",
              "key": "cdmaCapable"
            }
          ],
          "Persistence": [
            {
              "system": "Cassandra",
              "key": "cdmaCapable"
            },
            {
              "system": "Federated",
              "key": "sor_cdma_capable"
            }
          ],
          "Cache": [
            {
              "system": "Redis",
              "key": "isCdmaCapable"
            },
            {
              "system": "ElasticSearch",
              "key": "cdma_capable"
            }
          ],
          "Consumer": [
            {
              "system": "Fusion",
              "key": ""
            },
            {
              "system": "CXPCatalogDomain",
              "key": "isCdmaCapable"
            }
          ]
        }
      },
      {
        "genericKey": "gsmCapableInd",
        "details": {
          "source": [
            {
              "system": "DMD",
              "key": "gsmCapableInd"
            }
          ],
          "Authorization": [
            {
              "system": "EPC",
              "key": "gsmCapable"
            }
          ],
          "Persistence": [
            {
              "system": "Cassandra",
              "key": "gsmCapable"
            },
            {
              "system": "Federated",
              "key": "sor_gsm_capable"
            }
          ],
          "Cache": [
            {
              "system": "Redis",
              "key": "isGsmCapable"
            },
            {
              "system": "ElasticSearch",
              "key": ""
            }
          ],
          "Consumer": [
            {
              "system": "Fusion",
              "key": ""
            },
            {
              "system": "CXPCatalogDomain",
              "key": "isGsmCapable"
            }
          ]
        }
      },
      {
        "genericKey": "eligibleNumShareOS",
        "details": {
          "source": [
            {
              "system": "DMD",
              "key": "operatingSystem"
            }
          ],
          "Authorization": [
            {
              "system": "EPC",
              "key": "operatingSystem"
            }
          ],
          "Persistence": [
            {
              "system": "Cassandra",
              "key": "operatingSystem"
            },
            {
              "system": "Federated",
              "key": "pog_ops_display_name"
            }
          ],
          "Cache": [
            {
              "system": "Redis",
              "key": "operatingSystem"
            },
            {
              "system": "ElasticSearch",
              "key": "operating_system"
            }
          ],
          "Consumer": [
            {
              "system": "Fusion",
              "key": "product_operating_system_s"
            },
            {
              "system": "CXPCatalogDomain",
              "key": "operatingSystem"
            }
          ]
        }
      },
      {
        "genericKey": "euiccCapable",
        "details": {
          "source": [
            {
              "system": "DMD",
              "key": "euiccCapable"
            }
          ],
          "Authorization": [
            {
              "system": "EPC",
              "key": "euiccCapable"
            }
          ],
          "Persistence": [
            {
              "system": "Cassandra",
              "key": "euiccCapable"
            },
            {
              "system": "Federated",
              "key": "euicccapable"
            }
          ],
          "Cache": [
            {
              "system": "Redis",
              "key": "isEuiccCapable"
            },
            {
              "system": "ElasticSearch",
              "key": "euicccapable"
            }
          ],
          "Consumer": [
            {
              "system": "Fusion",
              "key": ""
            },
            {
              "system": "CXPCatalogDomain",
              "key": "isEuiccCapable"
            }
          ]
        }
      },
      {
        "genericKey": "numberShareCapable",
        "details": {
          "source": [
            {
              "system": "DMD",
              "key": "numberShareCapable"
            }
          ],
          "Authorization": [
            {
              "system": "EPC",
              "key": "numberShareCapable"
            }
          ],
          "Persistence": [
            {
              "system": "Cassandra",
              "key": "numberShareCapable"
            },
            {
              "system": "Federated",
              "key": "number_share_capable"
            }
          ],
          "Cache": [
            {
              "system": "Redis",
              "key": "isNumberShareCapable"
            },
            {
              "system": "ElasticSearch",
              "key": "number_share_capable"
            }
          ],
          "Consumer": [
            {
              "system": "Fusion",
              "key": "product_Numbershare_flag_b"
            },
            {
              "system": "CXPCatalogDomain",
              "key": "isNumberShareCapable"
            }
          ]
        }
      },
      {
        "genericKey": "vendorKey",
        "details": {
          "source": [
            {
              "system": "DMD",
              "key": "vendorKey"
            }
          ],
          "Authorization": [
            {
              "system": "EPC",
              "key": "vendorKey"
            }
          ],
          "Persistence": [
            {
              "system": "Cassandra",
              "key": "vendorKey"
            },
            {
              "system": "Federated",
              "key": "vendor_key"
            }
          ],
          "Cache": [
            {
              "system": "Redis",
              "key": ""
            },
            {
              "system": "ElasticSearch",
              "key": ""
            }
          ],
          "Consumer": [
            {
              "system": "Fusion",
              "key": ""
            },
            {
              "system": "CXPCatalogDomain",
              "key": ""
            }
          ]
        }
      },
      {
        "genericKey": "v4b",
        "details": {
          "source": [
            {
              "system": "DMD",
              "key": "v4b"
            }
          ],
          "Authorization": [
            {
              "system": "EPC",
              "key": "v4b"
            }
          ],
          "Persistence": [
            {
              "system": "Cassandra",
              "key": "v4b"
            },
            {
              "system": "Federated",
              "key": "sor_volte_bz_elig_ind"
            }
          ],
          "Cache": [
            {
              "system": "Redis",
              "key": "isV4b"
            },
            {
              "system": "ElasticSearch",
              "key": "sor_volte_bz_elig_ind"
            }
          ],
          "Consumer": [
            {
              "system": "Fusion",
              "key": ""
            },
            {
              "system": "CXPCatalogDomain",
              "key": "isV4b"
            }
          ]
        }
      },
      {
        "genericKey": "e911AddrInd",
        "details": {
          "source": [
            {
              "system": "DMD",
              "key": "e911AddrInd"
            }
          ],
          "Authorization": [
            {
              "system": "EPC",
              "key": "e911AddrInd"
            }
          ],
          "Persistence": [
            {
              "system": "Cassandra",
              "key": "e911AddrInd"
            },
            {
              "system": "Federated",
              "key": "e911_addr_ind"
            }
          ],
          "Cache": [
            {
              "system": "Redis",
              "key": "isE911Address"
            },
            {
              "system": "ElasticSearch",
              "key": "e911_addr_ind"
            }
          ],
          "Consumer": [
            {
              "system": "Fusion",
              "key": "product_e911Address_flag_b"
            },
            {
              "system": "CXPCatalogDomain",
              "key": "isE911Address"
            }
          ]
        }
      },
      {
        "genericKey": "virtualSimSku",
        "details": {
          "source": [
            {
              "system": "DMD",
              "key": "virtualSimSku"
            }
          ],
          "Authorization": [
            {
              "system": "EPC",
              "key": "virtualSimSku"
            }
          ],
          "Persistence": [
            {
              "system": "Cassandra",
              "key": "virtualSimSku"
            },
            {
              "system": "Federated",
              "key": "virtual_sim_sku"
            }
          ],
          "Cache": [
            {
              "system": "Redis",
              "key": "virtualSimSku"
            },
            {
              "system": "ElasticSearch",
              "key": "virtual_sim_sku"
            }
          ],
          "Consumer": [
            {
              "system": "Fusion",
              "key": ""
            },
            {
              "system": "CXPCatalogDomain",
              "key": "virtualSimSku"
            }
          ]
        }
      },
      {
        "genericKey": "esimOnlyInd",
        "details": {
          "source": [
            {
              "system": "DMD",
              "key": "esimOnlyInd"
            }
          ],
          "Authorization": [
            {
              "system": "EPC",
              "key": "eSimOnly"
            }
          ],
          "Persistence": [
            {
              "system": "Cassandra",
              "key": "eSimOnly"
            },
            {
              "system": "Federated",
              "key": "esim_only"
            }
          ],
          "Cache": [
            {
              "system": "Redis",
              "key": "eSimOnly"
            },
            {
              "system": "ElasticSearch",
              "key": "esim_only"
            }
          ],
          "Consumer": [
            {
              "system": "Fusion",
              "key": ""
            },
            {
              "system": "CXPCatalogDomain",
              "key": "isEsimOnly"
            }
          ]
        }
      },
      {
        "genericKey": "universalPropCdList",
        "details": {
          "source": [
            {
              "system": "DMD",
              "key": "universalPropCd"
            }
          ],
          "Authorization": [
            {
              "system": "EPC",
              "key": "productUniversalAccessories"
            }
          ],
          "Persistence": [
            {
              "system": "Cassandra",
              "key": "productUniversalAccessories"
            },
            {
              "system": "Federated",
              "key": "universal_code"
            }
          ],
          "Cache": [
            {
              "system": "Redis",
              "key": ""
            },
            {
              "system": "ElasticSearch",
              "key": ""
            }
          ],
          "Consumer": [
            {
              "system": "Fusion",
              "key": ""
            },
            {
              "system": "CXPCatalogDomain",
              "key": ""
            }
          ]
        }
      },
      {
        "genericKey": "postpaidRestrictStartDate",
        "details": {
          "source": [
            {
              "system": "DMD",
              "key": "postpaidRestrictStartDate"
            }
          ],
          "Authorization": [
            {
              "system": "EPC",
              "key": "postpaidRestrictDate"
            }
          ],
          "Persistence": [
            {
              "system": "Cassandra",
              "key": "postpaidRestrictDate"
            },
            {
              "system": "Federated",
              "key": "postpaid_restrict_date"
            }
          ],
          "Cache": [
            {
              "system": "Redis",
              "key": ""
            },
            {
              "system": "ElasticSearch",
              "key": "postpaid_restrict_start_date"
            }
          ],
          "Consumer": [
            {
              "system": "Fusion",
              "key": ""
            },
            {
              "system": "CXPCatalogDomain",
              "key": ""
            }
          ]
        }
      },
      {
        "genericKey": "fullRetailPrice",
        "details": {
          "source": [
            {
              "system": "DPI",
              "key": "fullRetailPrice"
            }
          ],
          "Authorization": [
            {
              "system": "EPC",
              "key": "FRP"
            }
          ],
          "Persistence": [
            {
              "system": "Cassandra",
              "key": "FRP"
            },
            {
              "system": "Federated",
              "key": "frp"
            }
          ],
          "Cache": [
            {
              "system": "Redis",
              "key": "fullRetailPrice"
            },
            {
              "system": "ElasticSearch",
              "key": "fullRetailPriceListId"
            }
          ],
          "Consumer": [
            {
              "system": "Fusion",
              "key": ""
            },
            {
              "system": "CXPCatalogDomain",
              "key": "fullRetailPrice"
            }
          ]
        }
      },
      {
        "genericKey": "oneYearPrice",
        "details": {
          "source": [
            {
              "system": "DPI",
              "key": "oneYearPrice"
            }
          ],
          "Authorization": [
            {
              "system": "EPC",
              "key": "CP12"
            }
          ],
          "Persistence": [
            {
              "system": "Cassandra",
              "key": "CP - 12"
            },
            {
              "system": "Federated",
              "key": "cp12"
            }
          ],
          "Cache": [
            {
              "system": "Redis",
              "key": "oneYrPrice"
            },
            {
              "system": "ElasticSearch",
              "key": "oneYearPriceListId"
            }
          ],
          "Consumer": [
            {
              "system": "Fusion",
              "key": "sku_preferred_frp_price_f"
            },
            {
              "system": "CXPCatalogDomain",
              "key": "oneYearPrice"
            }
          ]
        }
      },
      {
        "genericKey": "twoYearPrice",
        "details": {
          "source": [
            {
              "system": "DPI",
              "key": "twoYearPrice"
            }
          ],
          "Authorization": [
            {
              "system": "EPC",
              "key": "CP24"
            }
          ],
          "Persistence": [
            {
              "system": "Cassandra",
              "key": "CP - 24"
            },
            {
              "system": "Federated",
              "key": "cp24"
            }
          ],
          "Cache": [
            {
              "system": "Redis",
              "key": "twoYrPrice"
            },
            {
              "system": "ElasticSearch",
              "key": "twoYearPriceListId"
            }
          ],
          "Consumer": [
            {
              "system": "Fusion",
              "key": ""
            },
            {
              "system": "CXPCatalogDomain",
              "key": "twoYearPrice"
            }
          ]
        }
      },
      {
        "genericKey": "prepayPrice",
        "details": {
          "source": [
            {
              "system": "DPI",
              "key": "prepayPrice"
            }
          ],
          "Authorization": [
            {
              "system": "EPC",
              "key": "PP"
            }
          ],
          "Persistence": [
            {
              "system": "Cassandra",
              "key": "PP"
            },
            {
              "system": "Federated",
              "key": "pp"
            }
          ],
          "Cache": [
            {
              "system": "Redis",
              "key": "prepayPrice"
            },
            {
              "system": "ElasticSearch",
              "key": "prepayPriceListId"
            }
          ],
          "Consumer": [
            {
              "system": "Fusion",
              "key": ""
            },
            {
              "system": "CXPCatalogDomain",
              "key": "prepayPrice"
            }
          ]
        }
      },
      {
        "genericKey": "edgeFullRetailPrice",
        "details": {
          "source": [
            {
              "system": "DPI",
              "key": "edgeFullRetailPrice"
            }
          ],
          "Authorization": [
            {
              "system": "EPC",
              "key": "EFRP"
            }
          ],
          "Persistence": [
            {
              "system": "Cassandra",
              "key": "EFRP"
            },
            {
              "system": "Federated",
              "key": "efrp"
            }
          ],
          "Cache": [
            {
              "system": "Redis",
              "key": "edgeFullRetailPrice"
            },
            {
              "system": "ElasticSearch",
              "key": "edgeFullRetailPriceListId"
            }
          ],
          "Consumer": [
            {
              "system": "Fusion",
              "key": ""
            },
            {
              "system": "CXPCatalogDomain",
              "key": "edgeFullRetailPrice"
            }
          ]
        }
      },
      {
        "genericKey": "sku",
        "details": {
          "source": [
            {
              "system": "DPI",
              "key": "sku"
            }
          ],
          "Authorization": [
            {
              "system": "EPC",
              "key": "sku"
            }
          ],
          "Persistence": [
            {
              "system": "Cassandra",
              "key": "SOR"
            },
            {
              "system": "Federated",
              "key": "po_sor_id"
            }
          ],
          "Cache": [
            {
              "system": "Redis",
              "key": "sorId"
            },
            {
              "system": "ElasticSearch",
              "key": "sor_id"
            }
          ],
          "Consumer": [
            {
              "system": "Fusion",
              "key": "sku_sor_id_s"
            },
            {
              "system": "CXPCatalogDomain",
              "key": "sorId"
            }
          ]
        }
      },
      {
        "genericKey": "sorSkuType",
        "details": {
          "source": [
            {
              "system": "DMD",
              "key": "skuType"
            }
          ],
          "Authorization": [
            {
              "system": "EPC",
              "key": "sorSkuType"
            }
          ],
          "Persistence": [
            {
              "system": "Cassandra",
              "key": "sorSkuType"
            },
            {
              "system": "Federated",
              "key": "sor_sku_type"
            }
          ],
          "Cache": [
            {
              "system": "Redis",
              "key": "sorSkuType"
            },
            {
              "system": "ElasticSearch",
              "key": "sor_sku_type"
            }
          ],
          "Consumer": [
            {
              "system": "Fusion",
              "key": "sku_sor_sku_type_s"
            },
            {
              "system": "CXPCatalogDomain",
              "key": "sorSkuType"
            }
          ]
        }
      },
      {
        "genericKey": "sorDisplayName",
        "details": {
          "source": [
            {
              "system": "DMD",
              "key": "familyName"
            }
          ],
          "Authorization": [
            {
              "system": "EPC",
              "key": "sorDisplayName"
            }
          ],
          "Persistence": [
            {
              "system": "Cassandra",
              "key": "sorDisplayName"
            },
            {
              "system": "Federated",
              "key": "sor_product_family"
            }
          ],
          "Cache": [
            {
              "system": "Redis",
              "key": "sorProductFamily"
            },
            {
              "system": "ElasticSearch",
              "key": "sor_display_name"
            }
          ],
          "Consumer": [
            {
              "system": "Fusion",
              "key": "sku_sor_product_family_t"
            },
            {
              "system": "CXPCatalogDomain",
              "key": "sorProductFamily"
            }
          ]
        }
      },
      {
        "genericKey": "prodName",
        "details": {
          "source": [
            {
              "system": "DMD",
              "key": "prodName"
            }
          ],
          "Authorization": [
            {
              "system": "EPC",
              "key": "prodName"
            }
          ],
          "Persistence": [
            {
              "system": "Cassandra",
              "key": "prodName"
            },
            {
              "system": "Federated",
              "key": "prod_name"
            }
          ],
          "Cache": [
            {
              "system": "Redis",
              "key": "prodName"
            },
            {
              "system": "ElasticSearch",
              "key": "prod_name"
            }
          ],
          "Consumer": [
            {
              "system": "Fusion",
              "key": "product_display_name_s"
            },
            {
              "system": "CXPCatalogDomain",
              "key": "sorDisplayName"
            }
          ]
        }
      }



    ]
  }
}