{
  "prodName": "HTC Thunderbolt ADR6400L LTE",
  "familyName": "HTC Thunderbolt ADR6400L LTE",
  "mfgCode": "UTS",
  "mfgName": "UTStarcom",
  "prodType": "4GSmartphone",
  "imProdName": "ThunderBolt ADR6400 4G LTE",
  "imImageUrl": "https://infomanager.verizon.com/EQUIPMENT_GUIDE/equipment_guide/images/thunderbolt_main1.jpg",
  "imDeviceCategory": "4G Smartphone",
  "deviceType": "4GE",
  "globalPhone": "N",
  "deviceCategory": "4G Smartphone",
  "deviceCapabilityInd": "VD",
  "backupAssistCapable": "Y",
  "preferredSim": "DFILLSIM5G-SA-A",
  "preferredSoftSim": " ",
  "alternateSim": " ",
  "simClass4G": " ",
  "nfcCapable": " ",
  "nfcCompatible": " ",
  "smsCapable": "Y",
  "dacc": "00514",
  "deviceFamilyType": "Phone",
  "buddyUpgrdEligInd": "Y",
  "restrictToFamilyInd": "N",
  "hdVoice": " ",
  "coverageCheck4G": " ",
  "v4b": " ",
  "numberShareCapable": " ",
  "euiccCapable": " ",
  "esimOnlyInd": " ",
  "vendorKey": " ",
  "dsds": " ",
  "operatingSystem": "Android",
  "eligibleNumShareOS": " ",
  "universalDevice": "Y",
  "wifiCalling": "N",
  "e911AddrInd": " ",
  "cdmaCapableInd": "Y",
  "gsmCapableInd": "Y",
  "deviceCarrier": "Verizon",
  "postpaidRestrictStartDate": "01/01/2022",
  "prepayRestrictStartDate": "01/01/2022",
  "universalPropCdList": {
    "universalPropCd": [
      "Universal BT",
      "Universal BTS",
      "Universal Other"
    ]
  },
  "deviceSkuList": {
    "deviceSkuInfo": [
      {
        "deviceSku": "ADR6400LVW",
        "virtualSimSku": " ",
        "skuType": "Retail",
        "prodCode1": "LTE",
        "prodCode2": "SMT",
        "prodCode3": "DIG",
        "prodCode4": "MMS",
        "prodCode5": "ISL",
        "btaEligiblity": "N",
        "upcCode": "4447681657",
        "prepaySkuInd": "N",
        "edgeEligibleInd": "N",
        "edgeDpcGroup": "0000",
        "edgeDpcItem": "000",
        "imEquipID": "8116",
        "upcCodeFull": "044476816574",
        "instantCredit": " ",
        "ispuEligible": " ",
        "prop65": " ",
        "pairedSkuInfo": ""
      },
      {
        "deviceSku": "CLNRESPCDADR6400",
        "virtualSimSku": " ",
        "skuType": "CLNR",
        "prodCode1": "LTE",
        "prodCode2": "SMT",
        "prodCode3": "DIG",
        "prodCode4": "CLP",
        "prodCode5": "FRU",
        "btaEligiblity": " ",
        "upcCode": " ",
        "prepaySkuInd": "N",
        "edgeEligibleInd": "N",
        "edgeDpcGroup": "0000",
        "edgeDpcItem": "000",
        "imEquipID": " ",
        "upcCodeFull": " ",
        "edgeDeviceCap": "0",
        "instantCredit": " ",
        "ispuEligible": " ",
        "prop65": " ",
        "pairedSkuInfo": ""
      },
      {
        "deviceSku": "ADR6400LVW-WA",
        "virtualSimSku": " ",
        "skuType": " ",
        "prodCode1": "LTE",
        "prodCode2": "SMT",
        "prodCode3": "DIG",
        "prodCode4": "MMS",
        "prodCode5": "ISL",
        "btaEligiblity": " ",
        "upcCode": " ",
        "prepaySkuInd": "N",
        "edgeEligibleInd": "N",
        "edgeDpcGroup": "0000",
        "edgeDpcItem": "000",
        "imEquipID": " ",
        "upcCodeFull": " ",
        "instantCredit": " ",
        "ispuEligible": " ",
        "prop65": " ",
        "pairedSkuInfo": ""
      },
      {
        "deviceSku": "WFGPCDADR6400",
        "virtualSimSku": " ",
        "skuType": "CLNR",
        "prodCode1": "LTE",
        "prodCode2": "SMT",
        "prodCode3": "DIG",
        "prodCode4": "MMS",
        "prodCode5": "FRU",
        "btaEligiblity": " ",
        "upcCode": " ",
        "prepaySkuInd": "N",
        "edgeEligibleInd": "N",
        "edgeDpcGroup": "0000",
        "edgeDpcItem": "000",
        "imEquipID": " ",
        "upcCodeFull": " ",
        "edgeDeviceCap": "0",
        "instantCredit": " ",
        "ispuEligible": " ",
        "prop65": " ",
        "pairedSkuInfo": ""
      },
      {
        "deviceSku": "RTADR6400LVW",
        "virtualSimSku": " ",
        "skuType": "CLNR",
        "prodCode1": "LTE",
        "prodCode2": "SMT",
        "prodCode3": "DIG",
        "prodCode4": "MMS",
        "prodCode5": "FRU",
        "btaEligiblity": " ",
        "upcCode": " ",
        "prepaySkuInd": "N",
        "edgeEligibleInd": "N",
        "edgeDpcGroup": "0000",
        "edgeDpcItem": "010",
        "imEquipID": " ",
        "upcCodeFull": " ",
        "instantCredit": " ",
        "ispuEligible": " ",
        "prop65": " ",
        "pairedSkuInfo": ""
      },
      {
        "deviceSku": "CLNRPCDADR6400",
        "virtualSimSku": " ",
        "skuType": "CLNR",
        "prodCode1": "LTE",
        "prodCode2": "SMT",
        "prodCode3": "DIG",
        "prodCode4": "CLP",
        "prodCode5": "FRU",
        "btaEligiblity": " ",
        "upcCode": " ",
        "prepaySkuInd": "N",
        "edgeEligibleInd": "N",
        "edgeDpcGroup": "0000",
        "edgeDpcItem": "010",
        "imEquipID": " ",
        "upcCodeFull": " ",
        "instantCredit": " ",
        "ispuEligible": " ",
        "prop65": " ",
        "pairedSkuInfo": ""
      },
      {
        "deviceSku": "OCPOPCDADR6400",
        "virtualSimSku": " ",
        "skuType": "OCPO",
        "prodCode1": "LTE",
        "prodCode2": "OSA",
        "prodCode3": "DIG",
        "prodCode4": "MMS",
        "prodCode5": "ISL",
        "btaEligiblity": "Y",
        "upcCode": " ",
        "prepaySkuInd": "N",
        "edgeEligibleInd": "N",
        "edgeDpcGroup": "0000",
        "edgeDpcItem": "000",
        "imEquipID": " ",
        "upcCodeFull": " ",
        "edgeDeviceCap": "0",
        "instantCredit": " ",
        "ispuEligible": " ",
        "prop65": " ",
        "pairedSkuInfo": ""
      },
      {
        "deviceSku": "IQADR6400LVW",
        "virtualSimSku": " ",
        "skuType": " ",
        "prodCode1": "LTE",
        "prodCode2": "SMT",
        "prodCode3": "DIG",
        "prodCode4": "MMS",
        "prodCode5": "ISL",
        "btaEligiblity": " ",
        "upcCode": " ",
        "prepaySkuInd": "N",
        "edgeEligibleInd": "Y",
        "edgeDpcGroup": "0000",
        "edgeDpcItem": "000",
        "imEquipID": " ",
        "upcCodeFull": " ",
        "edgeDeviceCap": "0",
        "instantCredit": " ",
        "ispuEligible": " ",
        "prop65": " ",
        "pairedSkuInfo": ""
      },
      {
        "deviceSku": "ADR6400LVW-DU",
        "virtualSimSku": " ",
        "skuType": " ",
        "prodCode1": "LTE",
        "prodCode2": "SMT",
        "prodCode3": "DIG",
        "prodCode4": "MMS",
        "prodCode5": "ISL",
        "btaEligiblity": " ",
        "upcCode": " ",
        "prepaySkuInd": "N",
        "edgeEligibleInd": "N",
        "edgeDpcGroup": "0000",
        "edgeDpcItem": "010",
        "imEquipID": " ",
        "upcCodeFull": " ",
        "instantCredit": " ",
        "ispuEligible": " ",
        "prop65": " ",
        "pairedSkuInfo": ""
      }
    ]
  },
  "imFeatureNameList": "",
  "marketingCompatibleSimSkuList": {
    "simSku": [
      "BULK2FF-LRA-CM-A",
      "BULK3FF-LRA-CM-A",
      "BULK4FF-LRA-CM-A",
      "BULK4FF-LRA-CP-A",
      "BULK4FF-LRA-CS-A",
      "BULK4FF-LRA-SR-A",
      "BULK4FF-LRA-CT-A",
      "BULK4FF-LRA-CV-A",
      "BULK4FF-LRA-ST-A",
      "BULK4FF-LRA-TH-A",
      "BULK3FF-LRA-CT-A",
      "BULK2FF-LRA-AP-A",
      "BULK3FF-LRA-AP-A",
      "BULK4FF-LRA-AP-A",
      "DFILLJUICESIM-S",
      "BULK2HD-LRA-CC-A",
      "BULKTEST-LRA-BG-A",
      "BULKTEST-LRA-PI-A",
      "BULK3HD-LRA-CC-A",
      "BULKTFW-LRA-CC-A",
      "BULKTRI-LRA-ME-A",
      "BULKTRI-LRA-SR-A",
      "BULKTRI-LRA-TR-A",
      "BULK2FF-LRA-CC-A",
      "BULK3FF-LRA-CU-A",
      "DIRECTSIM4G-A",
      "RETAILSIM4G-D",
      "DIRECTSIM4G-D",
      "RETAILSIM4G-A",
      "BULK2FF-LRA-TH-A",
      "BULKTEST-LRA-TH-A",
      "BULK2FF-LRA-CU-A",
      "BULK2FF-LRA-CV-A",
      "BULK2FF-LRA-ST-A",
      "BULK3FF-LRA-CV-A",
      "BULK3FF-LRA-TH-A",
      "BULK4FF-LRA-CU-A",
      "BULK3FF-LRA-ST-A",
      "BULK3FF-LRA-CC-A",
      "BULK4FF-LRA-CI-A",
      "BULK2FF-LRA-CI-A",
      "BULK3FF-LRA-CI-A",
      "BULK3FF-LRA-BG-A",
      "BULK3FF-LRA-PI-A",
      "BULK2FF-LRA-CP-A",
      "BULK2FF-LRA-CS-A",
      "BULK2FF-LRA-MR-A",
      "BULK2FF-LRA-SR-A",
      "BULK3FF-LRA-CP-A",
      "BULK3FF-LRA-CS-A",
      "BULK3FF-LRA-MR-A",
      "BULK3FF-LRA-SR-A",
      "BULK2FF-LRA-BG-A",
      "BULK2FF-LRA-BG-D",
      "BULK2FF-LRA-PI-A",
      "BULK2FF-LRA-PI-D",
      "VZW-SIM4GPPWM",
      "BULKSIM-TRI-S",
      "BULKSIM-TRI-A",
      "BULKSIM-TRI-D",
      "VZW-SIMAP4GPP",
      "BULKTRI-LRA-NH-A",
      "VZW-SIM4GPP",
      "VZW-SIM4GPPTWM",
      "EMBDSIMTRI",
      "BULKSIMTRI-A",
      "BULKSIMTRI-D",
      "BULKSIMTRI-S",
      "JUICESIM-S",
      "JUICESIM-A",
      "JUICESIM-D",
      "BULKTRI-LRA-AP-A",
      "BULKTRI-LRA-CC-A",
      "BULKTRI-LRA-CM-A",
      "BULKTRI-LRA-CP-A",
      "BULKTRI-LRA-CT-A",
      "BULKTRI-LRA-CU-A",
      "BULKTRI-LRA-CV-A",
      "BULKTRI-LRA-MR-A",
      "BULKTRI-LRA-NM-A",
      "BULKTRI-LRA-PI-A",
      "BULKTRI-LRA-SB-A",
      "BULKTRI-LRA-ST-A",
      "BULKTRI-LRA-TH-A",
      "BULK2FF-LRA-CT-A",
      "BULK4FF-LRA-BG-A",
      "BULK4FF-LRA-CC-A",
      "BULK4FF-LRA-MR-A",
      "BULK4FF-LRA-PI-A",
      "BULK2FF-LRA-SB-A",
      "BULK3FF-LRA-SB-A",
      "BULK4FF-LRA-SB-A",
      "INCOMM-SIM4GPP",
      "VZW-SIMA4GPP",
      "VZW-UNISIM4GPP",
      "TCT-SIM4GPP",
      "EMBDSIM5G",
      "BULKTRI-LRA-BG-A",
      "BULKSIM5G-SA-D",
      "BULKSIM5G-SA-S",
      "DFILLSIM-TRI-A",
      "DFILLSIM-TRI-D",
      "DFILLSIM-TRI-S",
      "ESIMC-LRA-BG-B",
      "DFILLSIM5G-SA-A",
      "VZW-SIM4GPPTGT",
      "VZW-SIM4GPPU",
      "ESIMC-LRA-CC-B",
      "BULKSIM5G-SA-A",
      "ESIM-LRA-CC-B",
      "ESIM-LRA-BG-B",
      "ESIM-LRA-CP-B",
      "ESIM-LRA-TH-B",
      "ESIM-LRA-AP-B",
      "ESIM-LRA-CM-B",
      "ESIM-LRA-NM-B"
    ]
  }
}