{
  "responseHeader": {
    "zkConnected": true,
    "status": 0,
    "QTime": 0,
    "params": {
      "q": "*",
      "fq": "sku_sor_id_s:LG-VS980W"
    }
  },
  "response": {
    "numFound": 1,
    "start": 0,
    "docs": [
      {
        "sku_b2e_restrict_flag_ss": [
          "100002-1",
          "C-100002-1"
        ],
        "product_e911Address_flag_b": false,
        "rollup_id_s": "g2",
        "brand_seo_url_name": "lg",
        "product_Numbershare_flag_b": false,
        "product_isvalidproduct_b": true,
        "sku_sor_product_family_t": [
          "LG G2"
        ],
        "launchDateScore": 1.0,
        "sku_default_display_flag_b": false,
        "brand": "LG",
        "sku_channel_restrictions_combined_ss": [
          "100002|All|1|1|chnrst3040008"
        ],
        "product_seo_url_name_s": "g2",
        "sku_b2c_restrict_flag_ss": [
          "100002-1",
          "C-100002-1"
        ],
        "product_sor_device_type_s": "4GE",
        "sku_showcase_flag_b": true,
        "OOSScore": 1.0,
        "product_description_ss": [
          "Power and beauty: Have it both ways with LG G2. With its captivating design and ergonomically-positioned Rear Key control, G2 can run multiple apps at once or stream content using fast Verizon 4G LTE and a quad-core processor. Take stunning photos and videos, then view them on a full HD display. The LG G2 comes in 32GB. Available in White or Black. (Subject to availability)"
        ],
        "product_support_only_flag_b": true,
        "product_canonical_url_s": "smartphones/g2/",
        "sku_id_s": "sku790242",
        "sku_marketing_color_s": "White",
        "compatible_accessory_category_display_name_ss": [
          "Adapters & Cables",
          "Wearable Tech",
          "Wi-Fi Thermostats",
          "Entertainment",
          "Smart Home Media",
          "Memory",
          "Car & Travel",
          "Work from home",
          "Tablet Accessories",
          "Gaming & Toys",
          "Fitness Trackers",
          "Sports Aids",
          "Smart Devices",
          "Entertain at Home",
          "True Wireless",
          "Stylish Gear",
          "Tablet Cases",
          "Watch Bands",
          "Eco friendly",
          "Console Gaming Accessories",
          "Discount Bundle Eligible",
          "Mounts",
          "Computer Accessories",
          "Home Security Systems",
          "Mobile Gaming",
          "Streaming TVs",
          "Console Gaming",
          "Headphones",
          "Bundle Eligible Cases",
          "Smart Home",
          "Phone Attachments",
          "PlayStation",
          "Tablet Stylus Pens",
          "Sports & Fitness",
          "Headsets",
          "Learn at home",
          "Everyday Essentials",
          "Cameras",
          "Streaming Devices",
          "Household Tech",
          "Bluetooth",
          "Remote Work essentials",
          "Screen Protectors",
          "New Accessories",
          "Iconic Only Accessories",
          "Batteries",
          "Stands",
          "Stylus",
          "Phone Accessories",
          "Earbuds",
          "Accessories",
          "Toys",
          "Smart Lights & Switches",
          "Batteries & Chargers",
          "Phone Cases",
          "Card Readers",
          "Car Chargers",
          "Travel Adapters",
          "Home",
          "Lights & Switches",
          "Console Controllers",
          "Charging",
          "Sports Headphones",
          "Health",
          "Bundle Eligible Chargers",
          "Chargers",
          "Smart WiFi Thermostats",
          "Car Speakers",
          "Biking",
          "Car Mounts",
          "Wireless Chargers",
          "Speakers",
          "Smart Home Security Systems",
          "Cases & Protection",
          "Photography",
          "Docks",
          "Fitness Gear",
          "Signal Boosters",
          "Phone Screen Protectors",
          "Your Discounts",
          "Audio",
          "Gaming",
          "Watch Accessories",
          "Cases"
        ],
        "sku_display_in_site_search_b": false,
        "sku_donotdisplayifoutofstock_b": false,
        "sku.memory": [
          "32GB internal (formatted capacity less)"
        ],
        "product_display_name_s": "G2",
        "sku_image_name_s": "LG_G2_White",
        "product_display_name_t": [
          "G2"
        ],
        "sku_coming_soon_flag_b": false,
        "sku_capacity_unit_s": "32 GB",
        "sku_preconfigure_flag_b": false,
        "product_operating_system_s": "Android",
        "product_showcase_flag_b": true,
        "defaultImage_s": "https://ss7.vzw.com/is/image/VerizonWireless/LG_G2_White",
        "device_compatible_name": [
          "g2"
        ],
        "_lw_batch_id_s": "6f1dbf3cf7f44fb5acdbc5381e2e7931",
        "product_display_out_of_stock_flag_b": false,
        "product_parent_category_display_name_ss": [
          "GnG Devices",
          "Smartphones",
          "Postpaid Devices"
        ],
        "sku_sor_sku_type_s": "Retail",
        "sku_sor_id_s": "LG-VS980W",
        "_lw_data_source_pipeline_s": "IP-Browse-EOL-Devices",
        "product_image_name_s": "LG_G2_White",
        "prepaidScore": 1.0,
        "sku_mem_s": "32GB internal (formatted capacity less)",
        "brand_t": [
          "LG"
        ],
        "_lw_data_source_collection_s": "VZWBrowse",
        "product_coming_soon_flag_b": false,
        "product_average_rating_f": 4.2267,
        "_lw_solrxml_file_field": [
          "/apps/opt/vzwonesearch/inputdata/baseline/CXP/postpaid-devices/Catalog-EOL-Devices.solr.xml"
        ],
        "_lw_data_source_type_s": "lucid.solrxml/solrxml",
        "sku_seo_url_name_s": "lg-g2-in-white",
        "product_is_preowned_device_s": "false",
        "_lw_data_source_s": "DS-Browse-EOL-Devices",
        "os_seo_url_name": "android",
        "sku_sl_restrict_flag_ss": [
          "100002-1",
          "C-100002-1"
        ],
        "sku_on_sale_b": false,
        "product_default_product_sku_s": "LG-VS980",
        "sku_in_store_pickup_flag_b": true,
        "product_iconic_phone_flag_b": false,
        "product_sor_device_family_type_s": "Phone",
        "sku_color_style_s": "#F9F8F3",
        "color": "White",
        "color_seo_url_name": "white",
        "sku_epp_restrict_flag_ss": [
          "100002-1",
          "C-100002-1"
        ],
        "revenueSaleScore": 1.0,
        "sku_type_s": "sku-device",
        "sku_b2b_restrict_flag_ss": [
          "100002-1",
          "C-100002-1"
        ],
        "sku_same_day_delivery_s": "true",
        "sku_support_only_flag_b": true,
        "yearScore": 1.0,
        "cpoScore": 1.0,
        "promotionScore": 1.0,
        "product_sor_device_category_s": "4G Smartphone",
        "product_id_s": "dev1040041",
        "product_active_flag_b": true,
        "compatible_accessory_seo_url_name": [
          "adapters-and-cables",
          "wearable-tech",
          "wi-fi-thermostats",
          "entertainment",
          "smart-home-media",
          "memory",
          "car-and-travel",
          "work-from-home",
          "tablet-accessories",
          "gaming-and-toys",
          "fitness-trackers",
          "sports-aids",
          "smart-devices",
          "entertain-at-home",
          "true-wireless",
          "stylish-gear",
          "tablet-cases",
          "watch-bands",
          "eco-friendly",
          "console-gaming-accessories",
          "discount-bundle-eligible",
          "mounts",
          "computer-accessories",
          "home-security-systems",
          "mobile-gaming",
          "streaming-tvs",
          "console-gaming",
          "headphones",
          "bundle-eligible-cases",
          "smart-home",
          "phone-attachments",
          "playstation",
          "tablet-stylus-pens",
          "sports-and-fitness",
          "headsets",
          "learn-at-home",
          "everyday-essentials",
          "cameras",
          "streaming-devices",
          "household-tech",
          "bluetooth",
          "remote-work-essentials",
          "screen-protectors",
          "new-accessories",
          "iconic-only-accessories",
          "batteries",
          "stands",
          "stylus",
          "phone-accessories",
          "earbuds",
          "accessories",
          "toys",
          "smart-lights-and-switches",
          "batteries-and-chargers",
          "phone-cases",
          "card-readers",
          "car-chargers",
          "travel-adapters",
          "home",
          "lights-and-switches",
          "console-controllers",
          "charging",
          "sports-headphones",
          "health",
          "bundle-eligible-chargers",
          "chargers",
          "smart-wifi-thermostats",
          "car-speakers",
          "biking",
          "car-mounts",
          "wireless-chargers",
          "speakers",
          "smart-home-security-systems",
          "cases-and-protection",
          "photography",
          "docks",
          "fitness-gear",
          "signal-boosters",
          "phone-screen-protectors",
          "your-discounts",
          "audio",
          "gaming",
          "watch-accessories",
          "cases"
        ],
        "sku_active_flag_b": true,
        "product_type_s": "product-device",
        "category_seo_url_name": [
          "gng-devices",
          "smartphones",
          "postpaid-devices"
        ],
        "sku_memory_s": "32 GB",
        "category": [
          "GnG Devices",
          "Smartphones",
          "Postpaid Devices"
        ],
        "id": "lg-g2-in-white",
        "product_site_id_s": "1000025",
        "attr_product_site_id_s_": [
          "1000025",
          "1000021",
          "1000022",
          "1000023",
          "1000024",
          "400002",
          "400001",
          "8800004",
          "8800003",
          "8800002",
          "8800001",
          "600001",
          "1000020",
          "300001",
          "600003",
          "300002",
          "600004",
          "600005",
          "600006",
          "300005",
          "600007",
          "600008",
          "300003",
          "900005",
          "600009",
          "900002",
          "1000019",
          "200001",
          "6400002",
          "6400001",
          "700009",
          "600010",
          "100003",
          "600011",
          "600012",
          "600013",
          "600014"
        ],
        "attr_sku_creation_date_dt_": [
          "2014-02-09 08:58:23 PM"
        ],
        "product_creation_date_dt": "2013-09-12T00:00:00Z",
        "brandScore": 96,
        "product_start_date_dt": "2013-09-12T04:00:00Z",
        "attr_product.start_date_": [
          "Thu Sep 12 04:00:00 UTC 2013"
        ],
        "product_number_of_reviews_i": 3141,
        "sku_site_id_s": "1000025",
        "attr_sku_site_id_s_": [
          "1000025",
          "1000021",
          "1000022",
          "1000023",
          "1000024",
          "400002",
          "400001",
          "8800004",
          "8800003",
          "8800002",
          "8800001",
          "600001",
          "1000020",
          "300001",
          "600003",
          "300002",
          "600004",
          "600005",
          "600006",
          "300005",
          "600007",
          "600008",
          "300003",
          "900005",
          "600009",
          "900002",
          "1000019",
          "200001",
          "6400002",
          "6400001",
          "700009",
          "100002",
          "600010",
          "100003",
          "600011",
          "600012",
          "600013",
          "600014"
        ],
        "_lw_document_fetching_time_l": 30,
        "sku_capacity_size_i": 32,
        "quantity_i": 59337,
        "isInStock_b": true,
        "isAvailable_b": true,
        "inventoryStatus_s": "I",
        "critical_inventory_b": true,
        "sku.memory_str": [
          "32GB internal (formatted capacity less)"
        ],
        "_version_": 1827275636230586368,
        "_lw_solrxml_file_field_str": [
          "/apps/opt/vzwonesearch/inputdata/baseline/CXP/postpaid-devices/Catalog-EOL-Devices.solr.xml"
        ],
        "device_compatible_name_str": [
          "g2"
        ],
        "compatible_accessory_seo_url_name_str": [
          "accessories",
          "adapters-and-cables",
          "audio",
          "batteries",
          "batteries-and-chargers",
          "biking",
          "bluetooth",
          "bundle-eligible-cases",
          "bundle-eligible-chargers",
          "cameras",
          "car-and-travel",
          "car-chargers",
          "car-mounts",
          "car-speakers",
          "card-readers",
          "cases",
          "cases-and-protection",
          "chargers",
          "charging",
          "computer-accessories",
          "console-controllers",
          "console-gaming",
          "console-gaming-accessories",
          "discount-bundle-eligible",
          "docks",
          "earbuds",
          "eco-friendly",
          "entertain-at-home",
          "entertainment",
          "everyday-essentials",
          "fitness-gear",
          "fitness-trackers",
          "gaming",
          "gaming-and-toys",
          "headphones",
          "headsets",
          "health",
          "home",
          "home-security-systems",
          "household-tech",
          "iconic-only-accessories",
          "learn-at-home",
          "lights-and-switches",
          "memory",
          "mobile-gaming",
          "mounts",
          "new-accessories",
          "phone-accessories",
          "phone-attachments",
          "phone-cases",
          "phone-screen-protectors",
          "photography",
          "playstation",
          "remote-work-essentials",
          "screen-protectors",
          "signal-boosters",
          "smart-devices",
          "smart-home",
          "smart-home-media",
          "smart-home-security-systems",
          "smart-lights-and-switches",
          "smart-wifi-thermostats",
          "speakers",
          "sports-aids",
          "sports-and-fitness",
          "sports-headphones",
          "stands",
          "streaming-devices",
          "streaming-tvs",
          "stylish-gear",
          "stylus",
          "tablet-accessories",
          "tablet-cases",
          "tablet-stylus-pens",
          "toys",
          "travel-adapters",
          "true-wireless",
          "watch-accessories",
          "watch-bands",
          "wearable-tech",
          "wi-fi-thermostats",
          "wireless-chargers",
          "work-from-home",
          "your-discounts"
        ]
      }
    ]
  }
}