<?xml version="1.0" encoding="UTF-8"?>
<Configuration status="warn" name="federatedcatalogtoolsmsapplication" packages="">
    <Appenders>
        <Console name="Console1" target="SYSTEM_OUT">
            <PatternLayout>
                <MarkerPatternSelector
                        defaultPattern="LogMessage %d - %t - %c %p - [%X{CORRELATION_ID}] - [%X{E2EREQUESTID}] - %m%n">
                    <PatternMatch key="DOMAIN_SERVICES_EVENT"
                                  pattern="%m%n" />
                </MarkerPatternSelector>
            </PatternLayout>
        </Console>
        <Console name="ConsoleAppenderWithMarker" target="SYSTEM_OUT">
            <MarkerFilter marker="APP_FLOW_TRACING" onMatch="ACCEPT"
                          onMismatch="ACCEPT" />
            <PatternLayout
                    pattern="{&quot;msg&quot; : &quot;Inbound Payload&quot;,&quot;logPayload&quot; : &quot;false&quot;, &quot;application&quot; : &quot;fc-tools-ms&quot;, &quot;app_name&quot; : &quot;fc-tools-ms&quot;, &quot;event_type&quot; : &quot;request&quot;,&quot;log_type&quot; : &quot;Payload&quot;, &quot;VSAD_ID&quot; : &quot;I1UV&quot;,&quot;type&quot; : &quot;request&quot;,&quot;timestamp&quot; : &quot;%d{yyy-MM-dd HH:mm:ss.SSS}&quot;, &quot;Thread&quot; : &quot;[%t]&quot;, &quot;Level&quot; : &quot;%level&quot;, &quot;page_name&quot; : &quot;%logger{36}&quot;,&quot;function_name&quot; : &quot;%M&quot;, &quot;api_response&quot; : &quot;%msg&quot;}%n" />
        </Console>
    </Appenders>
    <Loggers>
        <Logger name="org.springframework" level="WARN"/>
        <Logger name="io.netty" level="WARN"/>
        <Logger name="com.codahale" level="WARN"/> <!-- code metrics -->
        <Logger name="org.springdoc" level="info"/>
        <Logger name="org.apache.kafka" level="info"/> <!-- polling kafka -->
        <Logger name="org.apache.http.wire" level="info"/> <!-- polling kafka -->
        <Root level="DEBUG">
            <AppenderRef ref="ConsoleAppenderWithMarker" />
        </Root>
    </Loggers>
</Configuration>